protein,ligand,binding_site,interaction_type,resnr,restype,reschain,resnr_lig,restype_lig,reschain_lig,dist,ligcoo,protcoo,sidechain,dist_h_a,dist_d_a,don_angle,protisdon,donoridx,donortype,acceptoridx,acceptortype,dist_a_w,dist_d_w,water_angle,water_idx,acc_angle,protispos,lig_group,lig_idx_list,cent_dist,angle,offset,type,protcharged,metalcoo,targetcoo,metal_idx,metal_type,target_idx,target_type,coordination,location,rms,geometry,complexnum,residue_id
a,b,ZN:A:1101,metal_complexes,1624,HOH,A,,,,,,,,,,,,,,,,,,,,,,,,,,,,,,,,Zn,,O,,water,14.231314185434005,trigonal.bipyramidal,1,HOH1624:A
a,b,ZN:A:1101,metal_complexes,238,HIS,A,,,,,,,,,,,,,,,,,,,,,,,,,,,,,,,,Zn,,N,,protein.sidechain,14.231314185434005,trigonal.bipyramidal,1,HIS238:A
a,b,ZN:A:1101,metal_complexes,274,HIS,A,,,,,,,,,,,,,,,,,,,,,,,,,,,,,,,,Zn,,N,,protein.sidechain,14.231314185434005,trigonal.bipyramidal,1,HIS274:A
a,b,ZN:A:1101,metal_complexes,275,ASP,A,,,,,,,,,,,,,,,,,,,,,,,,,,,,,,,,Zn,,O,,protein.sidechain,14.231314185434005,trigonal.bipyramidal,1,ASP275:A
a,b,ZN:A:1101,metal_complexes,392,ASP,A,,,,,,,,,,,,,,,,,,,,,,,,,,,,,,,,Zn,,O,,protein.sidechain,14.231314185434005,trigonal.bipyramidal,1,ASP392:A
a,b,MG:A:1102,metal_complexes,1216,HOH,A,,,,,,,,,,,,,,,,,,,,,,,,,,,,,,,,Mg,,O,,water,36.37479530202096,square.pyramidal,1,HOH1216:A
a,b,MG:A:1102,metal_complexes,1227,HOH,A,,,,,,,,,,,,,,,,,,,,,,,,,,,,,,,,Mg,,O,,water,36.37479530202096,square.pyramidal,1,HOH1227:A
a,b,MG:A:1102,metal_complexes,1238,HOH,A,,,,,,,,,,,,,,,,,,,,,,,,,,,,,,,,Mg,,O,,water,36.37479530202096,square.pyramidal,1,HOH1238:A
a,b,MG:A:1102,metal_complexes,1624,HOH,A,,,,,,,,,,,,,,,,,,,,,,,,,,,,,,,,Mg,,O,,water,36.37479530202096,square.pyramidal,1,HOH1624:A
a,b,MG:A:1102,metal_complexes,275,ASP,A,,,,,,,,,,,,,,,,,,,,,,,,,,,,,,,,Mg,,O,,protein.sidechain,36.37479530202096,square.pyramidal,1,ASP275:A
a,b,ZN:B:1201,metal_complexes,1541,HOH,B,,,,,,,,,,,,,,,,,,,,,,,,,,,,,,,,Zn,,O,,water,11.08036147524867,trigonal.bipyramidal,1,HOH1541:B
a,b,ZN:B:1201,metal_complexes,238,HIS,B,,,,,,,,,,,,,,,,,,,,,,,,,,,,,,,,Zn,,N,,protein.sidechain,11.08036147524867,trigonal.bipyramidal,1,HIS238:B
a,b,ZN:B:1201,metal_complexes,274,HIS,B,,,,,,,,,,,,,,,,,,,,,,,,,,,,,,,,Zn,,N,,protein.sidechain,11.08036147524867,trigonal.bipyramidal,1,HIS274:B
a,b,ZN:B:1201,metal_complexes,275,ASP,B,,,,,,,,,,,,,,,,,,,,,,,,,,,,,,,,Zn,,O,,protein.sidechain,11.08036147524867,trigonal.bipyramidal,1,ASP275:B
a,b,ZN:B:1201,metal_complexes,392,ASP,B,,,,,,,,,,,,,,,,,,,,,,,,,,,,,,,,Zn,,O,,protein.sidechain,11.08036147524867,trigonal.bipyramidal,1,ASP392:B
a,b,MG:B:1202,metal_complexes,1213,HOH,B,,,,,,,,,,,,,,,,,,,,,,,,,,,,,,,,Mg,,O,,water,24.024216163051925,square.pyramidal,1,HOH1213:B
a,b,MG:B:1202,metal_complexes,1220,HOH,B,,,,,,,,,,,,,,,,,,,,,,,,,,,,,,,,Mg,,O,,water,24.024216163051925,square.pyramidal,1,HOH1220:B
a,b,MG:B:1202,metal_complexes,1224,HOH,B,,,,,,,,,,,,,,,,,,,,,,,,,,,,,,,,Mg,,O,,water,24.024216163051925,square.pyramidal,1,HOH1224:B
a,b,MG:B:1202,metal_complexes,1543,HOH,B,,,,,,,,,,,,,,,,,,,,,,,,,,,,,,,,Mg,,O,,water,24.024216163051925,square.pyramidal,1,HOH1543:B
a,b,MG:B:1202,metal_complexes,275,ASP,B,,,,,,,,,,,,,,,,,,,,,,,,,,,,,,,,Mg,,O,,protein.sidechain,24.024216163051925,square.pyramidal,1,ASP275:B
