Source	Target
GAPDH	5610
GAPDH	135398593
GAPDH	135398592
GAPDH	5202
GAPDH	681
GAPDH	3081033
GAPDH	6047
GAPDH	no7
GAPDH	14969
GAPDH	440993
SLC1A2	61503
SLC1A2	6306
SLC1A2	6106
SLC1A2	5862
SLC1A2	12647
SLC1A2	92258
SLC1A2	6267
SLC1A2	6137
SLC1A2	9877619
SLC1A2	6287
SLC1A2	6047
SLC1A2	33032
SLC1A2	424
SLC1A2	875
SLC1A2	107
SLC1A2	522502
SLC1A2	67678
SLC1A2	824
SLC1A2	6288
SLC1A2	84815
SLC1A2	5950
SLC1A2	6140
SLC1A2	6590
SLC1A2	5960
SLC1A2	602
SLC1A2	6262
SLC1A2	5951
SLC1A2	6057
SLC1A2	10140
SLC1A2	119
SLC1A2	12310288
SLC1A2	12544
SLC1A2	12587
SLC1A2	13580
SLC1A2	145742
SLC1A2	14925
SLC1A2	159660
SLC1A2	2752054
SLC1A2	311
SLC1A2	439232
SLC1A2	439435
SLC1A2	4398339
SLC1A2	444873
SLC1A2	5459879
SLC1A2	586
SLC1A2	6274
SLC1A2	6508
SLC1A2	6613
SLC1A2	849
SLC1A2	8892
SLC1A2	94228
SLC1A2	970
SLC1A2	9903
SLC1A2	154035
SLC1A2	65065
CHRM1	999
CHRM1	9877619
CHRM1	107
CHRM1	6140
CHRM1	10394
CHRM1	10661294
CHRM1	115089
CHRM1	127
CHRM1	129849310
CHRM1	129858541
CHRM1	162859
CHRM1	181511
CHRM1	18986
CHRM1	199
CHRM1	2969
CHRM1	440993
CHRM1	4829
CHRM1	522502
CHRM1	547
CHRM1	5610
CHRM1	58177709
CHRM1	6274
CHRM1	6971268
CHRM1	71352575
CHRM1	849
CHRM1	92258
CHRM1	9378
CHRM1	9548632
CHRM1	9750
CHRM1	9831622
CHRM1	no7
CHRM1	101101166
CHRM1	10133
CHRM1	10140
CHRM1	10176710
CHRM1	102066451
CHRM1	10258
CHRM1	10267
CHRM1	1030
CHRM1	10308378
CHRM1	1031
CHRM1	10381440
CHRM1	10430
CHRM1	10466307
CHRM1	104745
CHRM1	104775
CHRM1	10559720
CHRM1	107735
CHRM1	10802382
CHRM1	11005
CHRM1	11213350
CHRM1	1135
CHRM1	1145
CHRM1	1146
CHRM1	114781
CHRM1	1150
CHRM1	11679800
CHRM1	1188
CHRM1	119
CHRM1	119307
CHRM1	122356
CHRM1	12310288
CHRM1	124343
CHRM1	124886
CHRM1	12544
CHRM1	12587
CHRM1	12647
CHRM1	129887767
CHRM1	131751737
CHRM1	135
CHRM1	135191
CHRM1	135398592
CHRM1	135398593
CHRM1	135398638
CHRM1	135398658
CHRM1	13580
CHRM1	138478
CHRM1	138805674
CHRM1	139597845
CHRM1	145742
CHRM1	147608
CHRM1	14925
CHRM1	14969
CHRM1	150923
CHRM1	1530
CHRM1	1530236
CHRM1	153520426
CHRM1	154035
CHRM1	159660
CHRM1	160419
CHRM1	160471
CHRM1	160636
CHRM1	175
CHRM1	176907
CHRM1	179
CHRM1	1826
CHRM1	185914
CHRM1	18950
CHRM1	192215
CHRM1	20601635
CHRM1	21722175
CHRM1	222528
CHRM1	22253297
CHRM1	23676771
CHRM1	242
CHRM1	24970825
CHRM1	25201019
CHRM1	262
CHRM1	2733768
CHRM1	2752054
CHRM1	283
CHRM1	3081033
CHRM1	311
CHRM1	31401
CHRM1	321710
CHRM1	323
CHRM1	3292996
CHRM1	33032
CHRM1	332427
CHRM1	348154
CHRM1	3587356
CHRM1	359
CHRM1	36159
CHRM1	3744
CHRM1	3845
CHRM1	384870
CHRM1	402
CHRM1	4183249
CHRM1	424
CHRM1	439183
CHRM1	439232
CHRM1	439435
CHRM1	439520
CHRM1	439586
CHRM1	439709
CHRM1	439763
CHRM1	4398339
CHRM1	442424
CHRM1	444795
CHRM1	444873
CHRM1	444899
CHRM1	445027
CHRM1	445580
CHRM1	445638
CHRM1	445639
CHRM1	45093073
CHRM1	45093080
CHRM1	4615423
CHRM1	4671
CHRM1	4788
CHRM1	480764
CHRM1	49831816
CHRM1	500189
CHRM1	51576
CHRM1	5202
CHRM1	5280343
CHRM1	5280442
CHRM1	5280443
CHRM1	5280445
CHRM1	5280450
CHRM1	5280459
CHRM1	5280804
CHRM1	5280863
CHRM1	5280960
CHRM1	5280961
CHRM1	5281605
CHRM1	5281607
CHRM1	5281612
CHRM1	5281656
CHRM1	5281672
CHRM1	5281708
CHRM1	5282155
CHRM1	5282160
CHRM1	5282768
CHRM1	5284649
CHRM1	52920332
CHRM1	5315606
CHRM1	5317750
CHRM1	5318980
CHRM1	5327011
CHRM1	5375048
CHRM1	54580480
CHRM1	5459879
CHRM1	5460161
CHRM1	54670067
CHRM1	5481990
CHRM1	5488186
CHRM1	5488822
CHRM1	586
CHRM1	5862
CHRM1	5950
CHRM1	5951
CHRM1	5960
CHRM1	602
CHRM1	6047
CHRM1	6057
CHRM1	6106
CHRM1	613145
CHRM1	6137
CHRM1	61503
CHRM1	6262
CHRM1	6267
CHRM1	6287
CHRM1	6288
CHRM1	6306
CHRM1	64981
CHRM1	64982
CHRM1	650
CHRM1	65065
CHRM1	6508
CHRM1	65373
CHRM1	6590
CHRM1	6613
CHRM1	6675
CHRM1	6723
CHRM1	6736
CHRM1	67678
CHRM1	681
CHRM1	689043
CHRM1	6971058
CHRM1	6971271
CHRM1	69867
CHRM1	702
CHRM1	71629
CHRM1	72
CHRM1	7420
CHRM1	750
CHRM1	753
CHRM1	783
CHRM1	785
CHRM1	79041
CHRM1	798
CHRM1	7991
CHRM1	80817
CHRM1	824
CHRM1	8314
CHRM1	83404
CHRM1	83697
CHRM1	84815
CHRM1	875
CHRM1	8892
CHRM1	89472
CHRM1	91
CHRM1	91435
CHRM1	91469
CHRM1	92817
CHRM1	92904
CHRM1	932
CHRM1	938
CHRM1	94228
CHRM1	94715
CHRM1	95170
CHRM1	96384
CHRM1	970
CHRM1	9795113
CHRM1	9838356
CHRM1	985
CHRM1	9903
CHRM1	9920281
CHRM1	99474
CHRM1	no12
CHRM1	no13
CHRM1	no17
CHRM1	no3
CHRM1	1176
CHRM1	280
FGFR3	5202
FGFR3	6736
FGFR3	69867
FGFR3	101101166
FGFR3	10133
FGFR3	10140
FGFR3	10176710
FGFR3	102066451
FGFR3	10258
FGFR3	10267
FGFR3	1030
FGFR3	10308378
FGFR3	1031
FGFR3	10381440
FGFR3	10394
FGFR3	10430
FGFR3	10466307
FGFR3	104745
FGFR3	104775
FGFR3	10559720
FGFR3	10661294
FGFR3	107
FGFR3	107735
FGFR3	10802382
FGFR3	11005
FGFR3	11213350
FGFR3	1135
FGFR3	1145
FGFR3	1146
FGFR3	114781
FGFR3	1150
FGFR3	115089
FGFR3	11679800
FGFR3	1188
FGFR3	119
FGFR3	119307
FGFR3	122356
FGFR3	12310288
FGFR3	124343
FGFR3	124886
FGFR3	12544
FGFR3	12587
FGFR3	12647
FGFR3	127
FGFR3	129858541
FGFR3	129887767
FGFR3	131751737
FGFR3	135
FGFR3	135191
FGFR3	135398592
FGFR3	135398593
FGFR3	135398638
FGFR3	135398658
FGFR3	13580
FGFR3	138478
FGFR3	138805674
FGFR3	139597845
FGFR3	145742
FGFR3	147608
FGFR3	14925
FGFR3	14969
FGFR3	150923
FGFR3	1530
FGFR3	1530236
FGFR3	153520426
FGFR3	154035
FGFR3	159660
FGFR3	160419
FGFR3	160471
FGFR3	160636
FGFR3	162859
FGFR3	175
FGFR3	176907
FGFR3	179
FGFR3	181511
FGFR3	1826
FGFR3	185914
FGFR3	18950
FGFR3	18986
FGFR3	192215
FGFR3	199
FGFR3	20601635
FGFR3	21722175
FGFR3	222528
FGFR3	22253297
FGFR3	23676771
FGFR3	242
FGFR3	24970825
FGFR3	25201019
FGFR3	262
FGFR3	2733768
FGFR3	2752054
FGFR3	283
FGFR3	2969
FGFR3	3081033
FGFR3	311
FGFR3	31401
FGFR3	321710
FGFR3	323
FGFR3	3292996
FGFR3	33032
FGFR3	332427
FGFR3	348154
FGFR3	3587356
FGFR3	359
FGFR3	36159
FGFR3	3744
FGFR3	3845
FGFR3	384870
FGFR3	402
FGFR3	4183249
FGFR3	424
FGFR3	439183
FGFR3	439232
FGFR3	439435
FGFR3	439520
FGFR3	439586
FGFR3	439709
FGFR3	439763
FGFR3	4398339
FGFR3	440993
FGFR3	442424
FGFR3	444795
FGFR3	444873
FGFR3	444899
FGFR3	445027
FGFR3	445580
FGFR3	445638
FGFR3	445639
FGFR3	45093073
FGFR3	45093080
FGFR3	4615423
FGFR3	4671
FGFR3	4788
FGFR3	480764
FGFR3	4829
FGFR3	49831816
FGFR3	500189
FGFR3	51576
FGFR3	522502
FGFR3	5280343
FGFR3	5280442
FGFR3	5280443
FGFR3	5280445
FGFR3	5280450
FGFR3	5280459
FGFR3	5280804
FGFR3	5280863
FGFR3	5280960
FGFR3	5280961
FGFR3	5281605
FGFR3	5281607
FGFR3	5281612
FGFR3	5281656
FGFR3	5281672
FGFR3	5281708
FGFR3	5282155
FGFR3	5282160
FGFR3	5282768
FGFR3	5284649
FGFR3	52920332
FGFR3	5315606
FGFR3	5317750
FGFR3	5318980
FGFR3	5327011
FGFR3	5375048
FGFR3	54580480
FGFR3	5459879
FGFR3	5460161
FGFR3	54670067
FGFR3	547
FGFR3	5481990
FGFR3	5488186
FGFR3	5488822
FGFR3	5610
FGFR3	58177709
FGFR3	586
FGFR3	5862
FGFR3	5950
FGFR3	5951
FGFR3	5960
FGFR3	602
FGFR3	6047
FGFR3	6057
FGFR3	6106
FGFR3	613145
FGFR3	6137
FGFR3	6140
FGFR3	61503
FGFR3	6262
FGFR3	6267
FGFR3	6274
FGFR3	6287
FGFR3	6288
FGFR3	6306
FGFR3	64981
FGFR3	64982
FGFR3	650
FGFR3	65065
FGFR3	6508
FGFR3	65373
FGFR3	6590
FGFR3	6613
FGFR3	6675
FGFR3	6723
FGFR3	67678
FGFR3	681
FGFR3	689043
FGFR3	6971058
FGFR3	6971268
FGFR3	6971271
FGFR3	702
FGFR3	71352575
FGFR3	71629
FGFR3	72
FGFR3	7420
FGFR3	750
FGFR3	753
FGFR3	783
FGFR3	785
FGFR3	79041
FGFR3	798
FGFR3	7991
FGFR3	80817
FGFR3	824
FGFR3	8314
FGFR3	83404
FGFR3	83697
FGFR3	84815
FGFR3	849
FGFR3	875
FGFR3	8892
FGFR3	89472
FGFR3	91
FGFR3	91435
FGFR3	91469
FGFR3	92258
FGFR3	92817
FGFR3	92904
FGFR3	932
FGFR3	9378
FGFR3	938
FGFR3	94228
FGFR3	94715
FGFR3	95170
FGFR3	9548632
FGFR3	96384
FGFR3	970
FGFR3	9750
FGFR3	9795113
FGFR3	9831622
FGFR3	9838356
FGFR3	985
FGFR3	9877619
FGFR3	9903
FGFR3	9920281
FGFR3	99474
FGFR3	999
FGFR3	no12
FGFR3	no13
FGFR3	no17
FGFR3	no3
FGFR3	no7
RARB	7420
RARB	2969
RARB	72
RARB	10394
RARB	135
RARB	5280450
RARB	5282768
RARB	7991
RARB	49831816
RARB	8892
RARB	107
RARB	11005
RARB	10176710
RARB	445638
RARB	10559720
RARB	985
RARB	689043
RARB	445639
RARB	444795
RARB	10133
RARB	10140
RARB	12310288
RARB	12544
RARB	242
RARB	31401
RARB	444899
RARB	445580
RARB	94228
RARB	9903
RARB	101101166
RARB	102066451
RARB	10258
RARB	10267
RARB	1030
RARB	10308378
RARB	1031
RARB	10381440
RARB	10430
RARB	10466307
RARB	104745
RARB	104775
RARB	10661294
RARB	107735
RARB	10802382
RARB	11213350
RARB	1135
RARB	1145
RARB	1146
RARB	114781
RARB	1150
RARB	115089
RARB	11679800
RARB	1188
RARB	119
RARB	119307
RARB	122356
RARB	124343
RARB	124886
RARB	12587
RARB	12647
RARB	127
RARB	129858541
RARB	129887767
RARB	131751737
RARB	135191
RARB	135398592
RARB	135398593
RARB	135398638
RARB	135398658
RARB	13580
RARB	138478
RARB	138805674
RARB	139597845
RARB	145742
RARB	147608
RARB	14925
RARB	14969
RARB	150923
RARB	1530
RARB	1530236
RARB	153520426
RARB	154035
RARB	159660
RARB	160419
RARB	160471
RARB	160636
RARB	162859
RARB	175
RARB	176907
RARB	179
RARB	181511
RARB	1826
RARB	185914
RARB	18950
RARB	18986
RARB	192215
RARB	199
RARB	20601635
RARB	21722175
RARB	222528
RARB	22253297
RARB	23676771
RARB	24970825
RARB	25201019
RARB	262
RARB	2733768
RARB	2752054
RARB	283
RARB	3081033
RARB	311
RARB	321710
RARB	323
RARB	3292996
RARB	33032
RARB	332427
RARB	348154
RARB	3587356
RARB	359
RARB	36159
RARB	3744
RARB	3845
RARB	384870
RARB	402
RARB	4183249
RARB	424
RARB	439183
RARB	439232
RARB	439435
RARB	439520
RARB	439586
RARB	439709
RARB	439763
RARB	4398339
RARB	440993
RARB	442424
RARB	444873
RARB	445027
RARB	45093073
RARB	45093080
RARB	4615423
RARB	4671
RARB	4788
RARB	480764
RARB	4829
RARB	500189
RARB	51576
RARB	5202
RARB	522502
RARB	5280343
RARB	5280442
RARB	5280443
RARB	5280445
RARB	5280459
RARB	5280804
RARB	5280863
RARB	5280960
RARB	5280961
RARB	5281605
RARB	5281607
RARB	5281612
RARB	5281656
RARB	5281672
RARB	5281708
RARB	5282155
RARB	5282160
RARB	5284649
RARB	52920332
RARB	5315606
RARB	5317750
RARB	5318980
RARB	5327011
RARB	5375048
RARB	54580480
RARB	5459879
RARB	5460161
RARB	54670067
RARB	547
RARB	5481990
RARB	5488186
RARB	5488822
RARB	5610
RARB	58177709
RARB	586
RARB	5862
RARB	5950
RARB	5951
RARB	5960
RARB	602
RARB	6047
RARB	6057
RARB	6106
RARB	613145
RARB	6137
RARB	6140
RARB	61503
RARB	6262
RARB	6267
RARB	6274
RARB	6287
RARB	6288
RARB	6306
RARB	64981
RARB	64982
RARB	650
RARB	65065
RARB	6508
RARB	65373
RARB	6590
RARB	6613
RARB	6675
RARB	6723
RARB	6736
RARB	67678
RARB	681
RARB	6971058
RARB	6971268
RARB	6971271
RARB	69867
RARB	702
RARB	71352575
RARB	71629
RARB	750
RARB	753
RARB	783
RARB	785
RARB	79041
RARB	798
RARB	80817
RARB	824
RARB	8314
RARB	83404
RARB	83697
RARB	84815
RARB	849
RARB	875
RARB	89472
RARB	91
RARB	91435
RARB	91469
RARB	92258
RARB	92817
RARB	92904
RARB	932
RARB	9378
RARB	938
RARB	94715
RARB	95170
RARB	9548632
RARB	96384
RARB	970
RARB	9750
RARB	9795113
RARB	9831622
RARB	9838356
RARB	9877619
RARB	9920281
RARB	99474
RARB	999
RARB	no12
RARB	no13
RARB	no17
RARB	no3
RARB	no7
MAP3K5	129849310
MAP3K5	101101166
MAP3K5	10133
MAP3K5	10140
MAP3K5	10176710
MAP3K5	102066451
MAP3K5	10258
MAP3K5	10267
MAP3K5	1030
MAP3K5	10308378
MAP3K5	1031
MAP3K5	10381440
MAP3K5	10394
MAP3K5	10430
MAP3K5	10466307
MAP3K5	104745
MAP3K5	104775
MAP3K5	10559720
MAP3K5	10661294
MAP3K5	107
MAP3K5	107735
MAP3K5	10802382
MAP3K5	11005
MAP3K5	11213350
MAP3K5	1135
MAP3K5	1145
MAP3K5	1146
MAP3K5	114781
MAP3K5	1150
MAP3K5	115089
MAP3K5	11679800
MAP3K5	1188
MAP3K5	119
MAP3K5	119307
MAP3K5	122356
MAP3K5	12310288
MAP3K5	124343
MAP3K5	124886
MAP3K5	12544
MAP3K5	12587
MAP3K5	12647
MAP3K5	127
MAP3K5	129858541
MAP3K5	129887767
MAP3K5	131751737
MAP3K5	135
MAP3K5	135191
MAP3K5	135398592
MAP3K5	135398593
MAP3K5	135398638
MAP3K5	135398658
MAP3K5	13580
MAP3K5	138478
MAP3K5	138805674
MAP3K5	139597845
MAP3K5	145742
MAP3K5	147608
MAP3K5	14925
MAP3K5	14969
MAP3K5	150923
MAP3K5	1530
MAP3K5	1530236
MAP3K5	153520426
MAP3K5	154035
MAP3K5	159660
MAP3K5	160419
MAP3K5	160471
MAP3K5	160636
MAP3K5	162859
MAP3K5	175
MAP3K5	176907
MAP3K5	179
MAP3K5	181511
MAP3K5	1826
MAP3K5	185914
MAP3K5	18950
MAP3K5	18986
MAP3K5	192215
MAP3K5	199
MAP3K5	20601635
MAP3K5	21722175
MAP3K5	222528
MAP3K5	22253297
MAP3K5	23676771
MAP3K5	242
MAP3K5	24970825
MAP3K5	25201019
MAP3K5	262
MAP3K5	2733768
MAP3K5	2752054
MAP3K5	283
MAP3K5	2969
MAP3K5	3081033
MAP3K5	311
MAP3K5	31401
MAP3K5	321710
MAP3K5	323
MAP3K5	3292996
MAP3K5	33032
MAP3K5	332427
MAP3K5	348154
MAP3K5	3587356
MAP3K5	359
MAP3K5	36159
MAP3K5	3744
MAP3K5	3845
MAP3K5	384870
MAP3K5	402
MAP3K5	4183249
MAP3K5	424
MAP3K5	439183
MAP3K5	439232
MAP3K5	439435
MAP3K5	439520
MAP3K5	439586
MAP3K5	439709
MAP3K5	439763
MAP3K5	4398339
MAP3K5	440993
MAP3K5	442424
MAP3K5	444795
MAP3K5	444873
MAP3K5	444899
MAP3K5	445027
MAP3K5	445580
MAP3K5	445638
MAP3K5	445639
MAP3K5	45093073
MAP3K5	45093080
MAP3K5	4615423
MAP3K5	4671
MAP3K5	4788
MAP3K5	480764
MAP3K5	4829
MAP3K5	49831816
MAP3K5	500189
MAP3K5	51576
MAP3K5	5202
MAP3K5	522502
MAP3K5	5280343
MAP3K5	5280442
MAP3K5	5280443
MAP3K5	5280445
MAP3K5	5280450
MAP3K5	5280459
MAP3K5	5280804
MAP3K5	5280863
MAP3K5	5280960
MAP3K5	5280961
MAP3K5	5281605
MAP3K5	5281607
MAP3K5	5281612
MAP3K5	5281656
MAP3K5	5281672
MAP3K5	5281708
MAP3K5	5282155
MAP3K5	5282160
MAP3K5	5282768
MAP3K5	5284649
MAP3K5	52920332
MAP3K5	5315606
MAP3K5	5317750
MAP3K5	5318980
MAP3K5	5327011
MAP3K5	5375048
MAP3K5	54580480
MAP3K5	5459879
MAP3K5	5460161
MAP3K5	54670067
MAP3K5	547
MAP3K5	5481990
MAP3K5	5488186
MAP3K5	5488822
MAP3K5	5610
MAP3K5	58177709
MAP3K5	586
MAP3K5	5862
MAP3K5	5950
MAP3K5	5951
MAP3K5	5960
MAP3K5	602
MAP3K5	6047
MAP3K5	6057
MAP3K5	6106
MAP3K5	613145
MAP3K5	6137
MAP3K5	6140
MAP3K5	61503
MAP3K5	6262
MAP3K5	6267
MAP3K5	6274
MAP3K5	6287
MAP3K5	6288
MAP3K5	6306
MAP3K5	64981
MAP3K5	64982
MAP3K5	650
MAP3K5	65065
MAP3K5	6508
MAP3K5	65373
MAP3K5	6590
MAP3K5	6613
MAP3K5	6675
MAP3K5	6723
MAP3K5	6736
MAP3K5	67678
MAP3K5	681
MAP3K5	689043
MAP3K5	6971058
MAP3K5	6971268
MAP3K5	6971271
MAP3K5	69867
MAP3K5	702
MAP3K5	71352575
MAP3K5	71629
MAP3K5	72
MAP3K5	7420
MAP3K5	750
MAP3K5	753
MAP3K5	783
MAP3K5	785
MAP3K5	79041
MAP3K5	798
MAP3K5	7991
MAP3K5	80817
MAP3K5	824
MAP3K5	8314
MAP3K5	83404
MAP3K5	83697
MAP3K5	84815
MAP3K5	849
MAP3K5	875
MAP3K5	8892
MAP3K5	89472
MAP3K5	91
MAP3K5	91435
MAP3K5	91469
MAP3K5	92258
MAP3K5	92817
MAP3K5	92904
MAP3K5	932
MAP3K5	9378
MAP3K5	938
MAP3K5	94228
MAP3K5	94715
MAP3K5	95170
MAP3K5	9548632
MAP3K5	96384
MAP3K5	970
MAP3K5	9750
MAP3K5	9795113
MAP3K5	9831622
MAP3K5	9838356
MAP3K5	985
MAP3K5	9877619
MAP3K5	9903
MAP3K5	9920281
MAP3K5	99474
MAP3K5	999
MAP3K5	no12
MAP3K5	no13
MAP3K5	no17
MAP3K5	no3
MAP3K5	no7
CTSB	5375048
CTSB	92258
CTSB	9877619
CTSB	92904
CTSB	138478
CTSB	107
CTSB	3744
CTSB	522502
CTSB	6140
CTSB	3292996
CTSB	124886
CTSB	138805674
CTSB	145742
CTSB	36159
CTSB	439232
CTSB	65065
CTSB	80817
CTSB	849
CTSB	932
CTSB	95170
CTSB	9838356
CTSB	99474
CTSB	101101166
CTSB	10133
CTSB	10140
CTSB	10176710
CTSB	102066451
CTSB	10258
CTSB	10267
CTSB	1030
CTSB	10308378
CTSB	1031
CTSB	10381440
CTSB	10394
CTSB	10430
CTSB	10466307
CTSB	104745
CTSB	104775
CTSB	10559720
CTSB	10661294
CTSB	107735
CTSB	10802382
CTSB	11005
CTSB	11213350
CTSB	1135
CTSB	1145
CTSB	1146
CTSB	114781
CTSB	1150
CTSB	115089
CTSB	11679800
CTSB	1188
CTSB	119
CTSB	119307
CTSB	122356
CTSB	12310288
CTSB	124343
CTSB	12544
CTSB	12587
CTSB	12647
CTSB	127
CTSB	129858541
CTSB	129887767
CTSB	131751737
CTSB	135
CTSB	135191
CTSB	135398592
CTSB	135398593
CTSB	135398638
CTSB	135398658
CTSB	13580
CTSB	139597845
CTSB	147608
CTSB	14925
CTSB	14969
CTSB	150923
CTSB	1530
CTSB	1530236
CTSB	153520426
CTSB	154035
CTSB	159660
CTSB	160419
CTSB	160471
CTSB	160636
CTSB	162859
CTSB	175
CTSB	176907
CTSB	179
CTSB	181511
CTSB	1826
CTSB	185914
CTSB	18950
CTSB	18986
CTSB	192215
CTSB	199
CTSB	20601635
CTSB	21722175
CTSB	222528
CTSB	22253297
CTSB	23676771
CTSB	242
CTSB	24970825
CTSB	25201019
CTSB	262
CTSB	2733768
CTSB	2752054
CTSB	283
CTSB	2969
CTSB	3081033
CTSB	311
CTSB	31401
CTSB	321710
CTSB	323
CTSB	33032
CTSB	332427
CTSB	348154
CTSB	3587356
CTSB	359
CTSB	3845
CTSB	384870
CTSB	402
CTSB	4183249
CTSB	424
CTSB	439183
CTSB	439435
CTSB	439520
CTSB	439586
CTSB	439709
CTSB	439763
CTSB	4398339
CTSB	440993
CTSB	442424
CTSB	444795
CTSB	444873
CTSB	444899
CTSB	445027
CTSB	445580
CTSB	445638
CTSB	445639
CTSB	45093073
CTSB	45093080
CTSB	4615423
CTSB	4671
CTSB	4788
CTSB	480764
CTSB	4829
CTSB	49831816
CTSB	500189
CTSB	51576
CTSB	5202
CTSB	5280343
CTSB	5280442
CTSB	5280443
CTSB	5280445
CTSB	5280450
CTSB	5280459
CTSB	5280804
CTSB	5280863
CTSB	5280960
CTSB	5280961
CTSB	5281605
CTSB	5281607
CTSB	5281612
CTSB	5281656
CTSB	5281672
CTSB	5281708
CTSB	5282155
CTSB	5282160
CTSB	5282768
CTSB	5284649
CTSB	52920332
CTSB	5315606
CTSB	5317750
CTSB	5318980
CTSB	5327011
CTSB	54580480
CTSB	5459879
CTSB	5460161
CTSB	54670067
CTSB	547
CTSB	5481990
CTSB	5488186
CTSB	5488822
CTSB	5610
CTSB	58177709
CTSB	586
CTSB	5862
CTSB	5950
CTSB	5951
CTSB	5960
CTSB	602
CTSB	6047
CTSB	6057
CTSB	6106
CTSB	613145
CTSB	6137
CTSB	61503
CTSB	6262
CTSB	6267
CTSB	6274
CTSB	6287
CTSB	6288
CTSB	6306
CTSB	64981
CTSB	64982
CTSB	650
CTSB	6508
CTSB	65373
CTSB	6590
CTSB	6613
CTSB	6675
CTSB	6723
CTSB	6736
CTSB	67678
CTSB	681
CTSB	689043
CTSB	6971058
CTSB	6971268
CTSB	6971271
CTSB	69867
CTSB	702
CTSB	71352575
CTSB	71629
CTSB	72
CTSB	7420
CTSB	750
CTSB	753
CTSB	783
CTSB	785
CTSB	79041
CTSB	798
CTSB	7991
CTSB	824
CTSB	8314
CTSB	83404
CTSB	83697
CTSB	84815
CTSB	875
CTSB	8892
CTSB	89472
CTSB	91
CTSB	91435
CTSB	91469
CTSB	92817
CTSB	9378
CTSB	938
CTSB	94228
CTSB	94715
CTSB	9548632
CTSB	96384
CTSB	970
CTSB	9750
CTSB	9795113
CTSB	9831622
CTSB	985
CTSB	9903
CTSB	9920281
CTSB	999
CTSB	no12
CTSB	no13
CTSB	no17
CTSB	no3
CTSB	no7
CTSB	1117
CTSB	280
CDK5	321710
CDK5	18986
CDK5	5281607
CDK5	10802382
CDK5	115089
CDK5	150923
CDK5	332427
CDK5	65373
CDK5	71352575
CDK5	10381440
CDK5	10661294
CDK5	1135
CDK5	1188
CDK5	124343
CDK5	135398638
CDK5	1530
CDK5	no12
CDK5	no13
GRIK1	6306
GRIK1	6106
GRIK1	5862
GRIK1	12647
GRIK1	6267
GRIK1	6137
GRIK1	9750
GRIK1	6274
GRIK1	6287
GRIK1	14925
GRIK1	6047
GRIK1	33032
GRIK1	424
GRIK1	10430
GRIK1	8314
GRIK1	67678
GRIK1	824
GRIK1	6288
GRIK1	84815
GRIK1	5950
GRIK1	6140
GRIK1	5960
GRIK1	602
GRIK1	159660
GRIK1	69867
GRIK1	6262
GRIK1	80817
GRIK1	5951
GRIK1	6057
GRIK1	104775
GRIK1	114781
GRIK1	119
GRIK1	12587
GRIK1	13580
GRIK1	145742
GRIK1	1826
GRIK1	192215
GRIK1	22253297
GRIK1	2752054
GRIK1	311
GRIK1	348154
GRIK1	3587356
GRIK1	439435
GRIK1	4398339
GRIK1	444795
GRIK1	444873
GRIK1	445639
GRIK1	5282768
GRIK1	5459879
GRIK1	547
GRIK1	586
GRIK1	6508
GRIK1	6613
GRIK1	689043
GRIK1	7991
GRIK1	83697
GRIK1	8892
GRIK1	92817
GRIK1	9378
GRIK1	9548632
GRIK1	96384
GRIK1	104745
GRIK1	107735
GRIK1	124886
GRIK1	160419
GRIK1	160471
GRIK1	175
GRIK1	23676771
GRIK1	439183
GRIK1	439232
GRIK1	445027
GRIK1	5327011
GRIK1	5460161
GRIK1	61503
GRIK1	65065
GRIK1	6590
GRIK1	6971058
GRIK1	6971271
GRIK1	750
GRIK1	79041
GRIK1	849
GRIK1	875
GRIK1	91435
GRIK1	92258
GRIK1	94715
GRIK1	970
ST6GAL1	12310288
ST6GAL1	5281612
ST6GAL1	5280442
ST6GAL1	94228
ST6GAL1	5282160
ST6GAL1	5318980
ST6GAL1	6675
ST6GAL1	5280343
ST6GAL1	5281656
ST6GAL1	222528
ST6GAL1	5488186
ST6GAL1	5280443
ST6GAL1	439763
ST6GAL1	10140
ST6GAL1	9903
ST6GAL1	3845
ST6GAL1	5280804
ST6GAL1	10133
ST6GAL1	5280445
ST6GAL1	5280459
ST6GAL1	5281672
ST6GAL1	439520
ST6GAL1	64982
ST6GAL1	10176710
ST6GAL1	5281605
ST6GAL1	129887767
ST6GAL1	5284649
ST6GAL1	5280863
ST6GAL1	12544
ST6GAL1	2733768
ST6GAL1	31401
ST6GAL1	160636
ST6GAL1	45093073
ST6GAL1	5281607
ST6GAL1	5281708
ST6GAL1	5327011
ST6GAL1	176907
ST6GAL1	932
ST6GAL1	9795113
ST6GAL1	9838356
F3	54580480
F3	119307
F3	11679800
F3	162859
F3	689043
F3	5280960
F3	101101166
F3	176907
F3	181511
F3	185914
F3	384870
F3	4788
F3	480764
F3	500189
F3	64981
F3	91469
F3	932
F3	9795113
F3	283
NR4A1	7420
NR4A1	192215
NR4A1	72
NR4A1	135
NR4A1	1826
NR4A1	69867
NR4A1	127
NR4A1	444795
NR4A1	10381440
NR4A1	2969
NR4A1	445027
NR4A1	5202
NR4A1	10258
NR4A1	181511
NR4A1	18986
NR4A1	20601635
NR4A1	3081033
NR4A1	51576
NR4A1	785
NR4A1	91
NR4A1	92904
NR4A1	96384
FKBP4	440993
FKBP4	5481990
FKBP4	9831622
FKBP4	138805674
CPB2	5862
CPB2	92258
CPB2	119
CPB2	6274
CPB2	439232
CPB2	14925
CPB2	522502
CPB2	13580
CPB2	6140
CPB2	6262
CPB2	1030
CPB2	10559720
CPB2	107
CPB2	114781
CPB2	12587
CPB2	153520426
CPB2	159660
CPB2	18986
CPB2	33032
CPB2	3845
CPB2	4398339
CPB2	445027
CPB2	49831816
CPB2	51576
CPB2	52920332
CPB2	5375048
CPB2	586
CPB2	6057
CPB2	6106
CPB2	6137
CPB2	6287
CPB2	6306
CPB2	6613
CPB2	69867
CPB2	79041
CPB2	7991
CPB2	80817
CPB2	824
CPB2	84815
CPB2	849
CPB2	8892
CPB2	9378
CPB2	938
CPB2	9548632
CPB2	9750
CPB2	no17
CPB2	10430
CPB2	122356
CPB2	124886
CPB2	12647
CPB2	145742
CPB2	160419
CPB2	160471
CPB2	199
CPB2	22253297
CPB2	23676771
CPB2	2969
CPB2	311
CPB2	3587356
CPB2	424
CPB2	439435
CPB2	444873
CPB2	5327011
CPB2	5460161
CPB2	5950
CPB2	5960
CPB2	602
CPB2	6047
CPB2	61503
CPB2	6267
CPB2	6288
CPB2	65065
CPB2	6590
CPB2	67678
CPB2	6971058
CPB2	6971271
CPB2	750
CPB2	8314
CPB2	875
CPB2	91435
CPB2	96384
CPB2	999
AIP	5281612
AIP	5280442
AIP	5375048
AIP	5280443
AIP	95170
AIP	92904
AIP	1826
AIP	6736
AIP	3845
AIP	5280445
AIP	3744
AIP	323
AIP	5281605
AIP	5202
AIP	69867
AIP	10258
AIP	18986
AIP	5281607
AIP	3292996
AIP	1150
AIP	10176710
AIP	36159
AIP	4398339
AIP	51576
AIP	5280343
AIP	5280863
AIP	5280960
AIP	5280961
AIP	5281672
AIP	5318980
AIP	8892
AIP	999
EID2	613145
EID2	64981
EID2	5315606
EID2	65373
EID2	10176710
EID2	2752054
EID2	689043
EID2	10258
EID2	5318980
EID2	7420
CD81	11213350
CD81	9920281
CD81	162859
CD81	10308378
CD81	12310288
CD81	12544
CD81	24970825
CD81	445638
CD81	445639
CD81	5280450
CD81	5282768
PPIA	9877619
PPIA	129858541
PPIA	138805674
FOS	332427
FOS	no12
FOS	439435
FOS	52920332
FOS	64981
FOS	5315606
FOS	21722175
FOS	71352575
FOS	384870
FOS	6047
FOS	65373
FOS	153520426
FOS	10661294
FOS	10176710
FOS	2752054
FOS	147608
FOS	681
FOS	689043
FOS	547
FOS	5280960
ESR2	5281612
ESR2	5280442
ESR2	7420
ESR2	5610
ESR2	99474
ESR2	10394
ESR2	135
ESR2	185914
ESR2	932
ESR2	5280343
ESR2	480764
ESR2	6971268
ESR2	5281656
ESR2	5488186
ESR2	9378
ESR2	5280443
ESR2	785
ESR2	91469
ESR2	9548632
ESR2	25201019
ESR2	89472
ESR2	5280445
ESR2	181511
ESR2	5317750
ESR2	5281672
ESR2	101101166
ESR2	5284649
ESR2	5280863
ESR2	5280961
ESR2	4788
ESR2	20601635
ESR2	9838356
ESR2	9795113
ESR2	689043
ESR2	127
ESR2	5281607
ESR2	176907
ESR2	6057
ESR2	5281708
ESR2	5280960
ESR2	10133
ESR2	10140
ESR2	10176710
ESR2	102066451
ESR2	10308378
ESR2	10381440
ESR2	10559720
ESR2	10661294
ESR2	10802382
ESR2	11213350
ESR2	1135
ESR2	115089
ESR2	1188
ESR2	12310288
ESR2	12544
ESR2	12587
ESR2	131751737
ESR2	135191
ESR2	135398638
ESR2	147608
ESR2	150923
ESR2	1530
ESR2	153520426
ESR2	160636
ESR2	18950
ESR2	222528
ESR2	23676771
ESR2	242
ESR2	24970825
ESR2	2733768
ESR2	31401
ESR2	321710
ESR2	323
ESR2	348154
ESR2	36159
ESR2	3845
ESR2	384870
ESR2	439435
ESR2	439520
ESR2	439709
ESR2	4398339
ESR2	444795
ESR2	444899
ESR2	445638
ESR2	445639
ESR2	45093073
ESR2	45093080
ESR2	49831816
ESR2	500189
ESR2	51576
ESR2	5280450
ESR2	5281605
ESR2	5282768
ESR2	52920332
ESR2	5318980
ESR2	5459879
ESR2	5460161
ESR2	547
ESR2	6047
ESR2	6140
ESR2	61503
ESR2	64981
ESR2	65065
ESR2	65373
ESR2	6723
ESR2	6736
ESR2	681
ESR2	6971058
ESR2	6971271
ESR2	69867
ESR2	71352575
ESR2	71629
ESR2	72
ESR2	83404
ESR2	83697
ESR2	8892
ESR2	91
ESR2	91435
ESR2	92904
ESR2	94228
ESR2	95170
ESR2	96384
ESR2	9877619
ESR2	9903
ESR2	9920281
ESR2	999
ESR2	no17
ESR2	no7
ESR2	10258
ESR2	10267
ESR2	1030
ESR2	1031
ESR2	10430
ESR2	10466307
ESR2	104745
ESR2	104775
ESR2	107
ESR2	107735
ESR2	11005
ESR2	1145
ESR2	1146
ESR2	114781
ESR2	1150
ESR2	11679800
ESR2	119
ESR2	119307
ESR2	122356
ESR2	124343
ESR2	124886
ESR2	12647
ESR2	129858541
ESR2	129887767
ESR2	135398592
ESR2	135398593
ESR2	135398658
ESR2	13580
ESR2	138478
ESR2	138805674
ESR2	139597845
ESR2	145742
ESR2	14925
ESR2	14969
ESR2	1530236
ESR2	154035
ESR2	159660
ESR2	160419
ESR2	160471
ESR2	162859
ESR2	175
ESR2	179
ESR2	1826
ESR2	18986
ESR2	192215
ESR2	199
ESR2	21722175
ESR2	22253297
ESR2	262
ESR2	2752054
ESR2	283
ESR2	2969
ESR2	3081033
ESR2	311
ESR2	3292996
ESR2	33032
ESR2	332427
ESR2	3587356
ESR2	359
ESR2	3744
ESR2	402
ESR2	4183249
ESR2	424
ESR2	439183
ESR2	439232
ESR2	439586
ESR2	439763
ESR2	440993
ESR2	442424
ESR2	444873
ESR2	445027
ESR2	445580
ESR2	4615423
ESR2	4671
ESR2	4829
ESR2	5202
ESR2	522502
ESR2	5280459
ESR2	5280804
ESR2	5282155
ESR2	5282160
ESR2	5315606
ESR2	5327011
ESR2	5375048
ESR2	54580480
ESR2	54670067
ESR2	5481990
ESR2	5488822
ESR2	58177709
ESR2	586
ESR2	5862
ESR2	5950
ESR2	5951
ESR2	5960
ESR2	602
ESR2	6106
ESR2	613145
ESR2	6137
ESR2	6262
ESR2	6267
ESR2	6274
ESR2	6287
ESR2	6288
ESR2	6306
ESR2	64982
ESR2	650
ESR2	6508
ESR2	6590
ESR2	6613
ESR2	6675
ESR2	67678
ESR2	702
ESR2	750
ESR2	753
ESR2	783
ESR2	79041
ESR2	798
ESR2	7991
ESR2	80817
ESR2	824
ESR2	8314
ESR2	84815
ESR2	849
ESR2	875
ESR2	92258
ESR2	92817
ESR2	938
ESR2	94715
ESR2	970
ESR2	9750
ESR2	9831622
ESR2	985
ESR2	no12
ESR2	no13
ESR2	no3
FURIN	92258
FURIN	9750
FURIN	439232
FURIN	122356
FURIN	124886
FURIN	6262
FURIN	80817
GRM5	101101166
GRM5	10133
GRM5	10258
GRM5	10381440
GRM5	10430
GRM5	104775
GRM5	10802382
GRM5	11005
GRM5	114781
GRM5	119
GRM5	122356
GRM5	12647
GRM5	135398638
GRM5	13580
GRM5	138478
GRM5	145742
GRM5	14925
GRM5	159660
GRM5	160636
GRM5	176907
GRM5	222528
GRM5	22253297
GRM5	25201019
GRM5	2969
GRM5	311
GRM5	31401
GRM5	33032
GRM5	3587356
GRM5	424
GRM5	439520
GRM5	4398339
GRM5	444873
GRM5	4671
GRM5	5375048
GRM5	5459879
GRM5	586
GRM5	5950
GRM5	5951
GRM5	5960
GRM5	602
GRM5	6106
GRM5	613145
GRM5	6262
GRM5	6267
GRM5	6274
GRM5	6287
GRM5	6288
GRM5	6306
GRM5	6508
GRM5	6736
GRM5	7991
GRM5	824
GRM5	8314
GRM5	83697
GRM5	849
GRM5	8892
GRM5	932
GRM5	938
GRM5	94228
GRM5	9838356
GRM5	985
GRM5	9903
GRM5	10140
GRM5	10176710
GRM5	102066451
GRM5	10267
GRM5	1030
GRM5	10308378
GRM5	1031
GRM5	10394
GRM5	10466307
GRM5	104745
GRM5	10559720
GRM5	10661294
GRM5	107
GRM5	107735
GRM5	11213350
GRM5	1135
GRM5	1145
GRM5	1146
GRM5	1150
GRM5	115089
GRM5	11679800
GRM5	1188
GRM5	119307
GRM5	12310288
GRM5	124343
GRM5	124886
GRM5	12544
GRM5	12587
GRM5	127
GRM5	129858541
GRM5	129887767
GRM5	131751737
GRM5	135
GRM5	135191
GRM5	135398592
GRM5	135398593
GRM5	135398658
GRM5	138805674
GRM5	139597845
GRM5	147608
GRM5	14969
GRM5	150923
GRM5	1530
GRM5	1530236
GRM5	153520426
GRM5	154035
GRM5	160419
GRM5	160471
GRM5	162859
GRM5	175
GRM5	179
GRM5	181511
GRM5	1826
GRM5	185914
GRM5	18950
GRM5	18986
GRM5	192215
GRM5	199
GRM5	20601635
GRM5	21722175
GRM5	23676771
GRM5	242
GRM5	24970825
GRM5	262
GRM5	2733768
GRM5	2752054
GRM5	283
GRM5	3081033
GRM5	321710
GRM5	323
GRM5	3292996
GRM5	332427
GRM5	348154
GRM5	359
GRM5	36159
GRM5	3744
GRM5	3845
GRM5	384870
GRM5	402
GRM5	4183249
GRM5	439183
GRM5	439232
GRM5	439435
GRM5	439586
GRM5	439709
GRM5	439763
GRM5	440993
GRM5	442424
GRM5	444795
GRM5	444899
GRM5	445027
GRM5	445580
GRM5	445638
GRM5	445639
GRM5	45093073
GRM5	45093080
GRM5	4615423
GRM5	4788
GRM5	480764
GRM5	4829
GRM5	49831816
GRM5	500189
GRM5	51576
GRM5	5202
GRM5	522502
GRM5	5280343
GRM5	5280442
GRM5	5280443
GRM5	5280445
GRM5	5280450
GRM5	5280459
GRM5	5280804
GRM5	5280863
GRM5	5280960
GRM5	5280961
GRM5	5281605
GRM5	5281607
GRM5	5281612
GRM5	5281656
GRM5	5281672
GRM5	5281708
GRM5	5282155
GRM5	5282160
GRM5	5282768
GRM5	5284649
GRM5	52920332
GRM5	5315606
GRM5	5317750
GRM5	5318980
GRM5	5327011
GRM5	54580480
GRM5	5460161
GRM5	54670067
GRM5	547
GRM5	5481990
GRM5	5488186
GRM5	5488822
GRM5	5610
GRM5	58177709
GRM5	5862
GRM5	6047
GRM5	6057
GRM5	6137
GRM5	6140
GRM5	61503
GRM5	64981
GRM5	64982
GRM5	650
GRM5	65065
GRM5	65373
GRM5	6590
GRM5	6613
GRM5	6675
GRM5	6723
GRM5	67678
GRM5	681
GRM5	689043
GRM5	6971058
GRM5	6971268
GRM5	6971271
GRM5	69867
GRM5	702
GRM5	71352575
GRM5	71629
GRM5	72
GRM5	7420
GRM5	750
GRM5	753
GRM5	783
GRM5	785
GRM5	79041
GRM5	798
GRM5	80817
GRM5	83404
GRM5	84815
GRM5	875
GRM5	89472
GRM5	91
GRM5	91435
GRM5	91469
GRM5	92258
GRM5	92817
GRM5	92904
GRM5	9378
GRM5	94715
GRM5	95170
GRM5	9548632
GRM5	96384
GRM5	970
GRM5	9750
GRM5	9795113
GRM5	9831622
GRM5	9877619
GRM5	9920281
GRM5	99474
GRM5	999
GRM5	no12
GRM5	no13
GRM5	no17
GRM5	no3
GRM5	no7
GRM5	129849310
GRM5	280
RHOA	7420
RHOA	72
RHOA	10394
RHOA	5375048
RHOA	938
RHOA	107
RHOA	348154
RHOA	10559720
RHOA	91
RHOA	689043
RHOA	92258
STK24	92904
STK24	138478
DRD2	92904
DRD2	3744
DRD2	69867
DRD2	681
DRD2	3292996
DRD2	1150
DRD2	11005
DRD2	11679800
DRD2	1188
DRD2	122356
DRD2	127
DRD2	129887767
DRD2	135191
DRD2	159660
DRD2	162859
DRD2	181511
DRD2	185914
DRD2	18950
DRD2	192215
DRD2	199
DRD2	2733768
DRD2	321710
DRD2	348154
DRD2	439586
DRD2	439709
DRD2	439763
DRD2	440993
DRD2	5202
DRD2	5280459
DRD2	547
DRD2	5610
DRD2	58177709
DRD2	6047
DRD2	6057
DRD2	64982
DRD2	6675
DRD2	6736
DRD2	72
DRD2	7420
DRD2	798
DRD2	80817
DRD2	91469
DRD2	92817
DRD2	94715
DRD2	9795113
DRD2	101101166
DRD2	10133
DRD2	10140
DRD2	10176710
DRD2	102066451
DRD2	10258
DRD2	10267
DRD2	1030
DRD2	10308378
DRD2	1031
DRD2	10381440
DRD2	10394
DRD2	10430
DRD2	10466307
DRD2	104745
DRD2	104775
DRD2	10559720
DRD2	10661294
DRD2	107
DRD2	107735
DRD2	10802382
DRD2	11213350
DRD2	1135
DRD2	1145
DRD2	1146
DRD2	114781
DRD2	115089
DRD2	119
DRD2	119307
DRD2	12310288
DRD2	124343
DRD2	124886
DRD2	12544
DRD2	12587
DRD2	12647
DRD2	129858541
DRD2	131751737
DRD2	135
DRD2	135398592
DRD2	135398593
DRD2	135398638
DRD2	135398658
DRD2	13580
DRD2	138478
DRD2	138805674
DRD2	139597845
DRD2	145742
DRD2	147608
DRD2	14925
DRD2	14969
DRD2	150923
DRD2	1530
DRD2	1530236
DRD2	153520426
DRD2	154035
DRD2	160419
DRD2	160471
DRD2	160636
DRD2	175
DRD2	176907
DRD2	179
DRD2	1826
DRD2	18986
DRD2	20601635
DRD2	21722175
DRD2	222528
DRD2	22253297
DRD2	23676771
DRD2	242
DRD2	24970825
DRD2	25201019
DRD2	262
DRD2	2752054
DRD2	283
DRD2	2969
DRD2	3081033
DRD2	311
DRD2	31401
DRD2	323
DRD2	33032
DRD2	332427
DRD2	3587356
DRD2	359
DRD2	36159
DRD2	3845
DRD2	384870
DRD2	402
DRD2	4183249
DRD2	424
DRD2	439183
DRD2	439232
DRD2	439435
DRD2	439520
DRD2	4398339
DRD2	442424
DRD2	444795
DRD2	444873
DRD2	444899
DRD2	445027
DRD2	445580
DRD2	445638
DRD2	445639
DRD2	45093073
DRD2	45093080
DRD2	4615423
DRD2	4671
DRD2	4788
DRD2	480764
DRD2	4829
DRD2	49831816
DRD2	500189
DRD2	51576
DRD2	522502
DRD2	5280343
DRD2	5280442
DRD2	5280443
DRD2	5280445
DRD2	5280450
DRD2	5280804
DRD2	5280863
DRD2	5280960
DRD2	5280961
DRD2	5281605
DRD2	5281607
DRD2	5281612
DRD2	5281656
DRD2	5281672
DRD2	5281708
DRD2	5282155
DRD2	5282160
DRD2	5282768
DRD2	5284649
DRD2	52920332
DRD2	5315606
DRD2	5317750
DRD2	5318980
DRD2	5327011
DRD2	5375048
DRD2	54580480
DRD2	5459879
DRD2	5460161
DRD2	54670067
DRD2	5481990
DRD2	5488186
DRD2	5488822
DRD2	586
DRD2	5862
DRD2	5950
DRD2	5951
DRD2	5960
DRD2	602
DRD2	6106
DRD2	613145
DRD2	6137
DRD2	6140
DRD2	61503
DRD2	6262
DRD2	6267
DRD2	6274
DRD2	6287
DRD2	6288
DRD2	6306
DRD2	64981
DRD2	650
DRD2	65065
DRD2	6508
DRD2	65373
DRD2	6590
DRD2	6613
DRD2	6723
DRD2	67678
DRD2	689043
DRD2	6971058
DRD2	6971268
DRD2	6971271
DRD2	702
DRD2	71352575
DRD2	71629
DRD2	750
DRD2	753
DRD2	783
DRD2	785
DRD2	79041
DRD2	7991
DRD2	824
DRD2	8314
DRD2	83404
DRD2	83697
DRD2	84815
DRD2	849
DRD2	875
DRD2	8892
DRD2	89472
DRD2	91
DRD2	91435
DRD2	92258
DRD2	932
DRD2	9378
DRD2	938
DRD2	94228
DRD2	95170
DRD2	9548632
DRD2	96384
DRD2	970
DRD2	9750
DRD2	9831622
DRD2	9838356
DRD2	985
DRD2	9877619
DRD2	9903
DRD2	9920281
DRD2	99474
DRD2	999
DRD2	no12
DRD2	no13
DRD2	no17
DRD2	no3
DRD2	no7
EP300	613145
EP300	64981
EP300	5315606
EP300	65373
EP300	10176710
EP300	2752054
EP300	689043
EP300	10258
EP300	5318980
EP300	7420
EP300	101101166
EP300	10133
EP300	10140
EP300	102066451
EP300	10267
EP300	1030
EP300	10308378
EP300	1031
EP300	10381440
EP300	10394
EP300	10430
EP300	10466307
EP300	104745
EP300	104775
EP300	10559720
EP300	10661294
EP300	107
EP300	107735
EP300	10802382
EP300	11005
EP300	11213350
EP300	1135
EP300	1145
EP300	1146
EP300	114781
EP300	1150
EP300	115089
EP300	11679800
EP300	1188
EP300	119
EP300	119307
EP300	122356
EP300	12310288
EP300	124343
EP300	124886
EP300	12544
EP300	12587
EP300	12647
EP300	127
EP300	129858541
EP300	129887767
EP300	131751737
EP300	135
EP300	135191
EP300	135398592
EP300	135398593
EP300	135398638
EP300	135398658
EP300	13580
EP300	138478
EP300	138805674
EP300	139597845
EP300	145742
EP300	147608
EP300	14925
EP300	14969
EP300	150923
EP300	1530
EP300	1530236
EP300	153520426
EP300	154035
EP300	159660
EP300	160419
EP300	160471
EP300	160636
EP300	162859
EP300	175
EP300	176907
EP300	179
EP300	181511
EP300	1826
EP300	185914
EP300	18950
EP300	18986
EP300	192215
EP300	199
EP300	20601635
EP300	21722175
EP300	222528
EP300	22253297
EP300	23676771
EP300	242
EP300	24970825
EP300	25201019
EP300	262
EP300	2733768
EP300	283
EP300	2969
EP300	3081033
EP300	311
EP300	31401
EP300	321710
EP300	323
EP300	3292996
EP300	33032
EP300	332427
EP300	348154
EP300	3587356
EP300	359
EP300	36159
EP300	3744
EP300	3845
EP300	384870
EP300	402
EP300	4183249
EP300	424
EP300	439183
EP300	439232
EP300	439435
EP300	439520
EP300	439586
EP300	439709
EP300	439763
EP300	4398339
EP300	440993
EP300	442424
EP300	444795
EP300	444873
EP300	444899
EP300	445027
EP300	445580
EP300	445638
EP300	445639
EP300	45093073
EP300	45093080
EP300	4615423
EP300	4671
EP300	4788
EP300	480764
EP300	4829
EP300	49831816
EP300	500189
EP300	51576
EP300	5202
EP300	522502
EP300	5280343
EP300	5280442
EP300	5280443
EP300	5280445
EP300	5280450
EP300	5280459
EP300	5280804
EP300	5280863
EP300	5280960
EP300	5280961
EP300	5281605
EP300	5281607
EP300	5281612
EP300	5281656
EP300	5281672
EP300	5281708
EP300	5282155
EP300	5282160
EP300	5282768
EP300	5284649
EP300	52920332
EP300	5317750
EP300	5327011
EP300	5375048
EP300	54580480
EP300	5459879
EP300	5460161
EP300	54670067
EP300	547
EP300	5481990
EP300	5488186
EP300	5488822
EP300	5610
EP300	58177709
EP300	586
EP300	5862
EP300	5950
EP300	5951
EP300	5960
EP300	602
EP300	6047
EP300	6057
EP300	6106
EP300	6137
EP300	6140
EP300	61503
EP300	6262
EP300	6267
EP300	6274
EP300	6287
EP300	6288
EP300	6306
EP300	64982
EP300	650
EP300	65065
EP300	6508
EP300	6590
EP300	6613
EP300	6675
EP300	6723
EP300	6736
EP300	67678
EP300	681
EP300	6971058
EP300	6971268
EP300	6971271
EP300	69867
EP300	702
EP300	71352575
EP300	71629
EP300	72
EP300	750
EP300	753
EP300	783
EP300	785
EP300	79041
EP300	798
EP300	7991
EP300	80817
EP300	824
EP300	8314
EP300	83404
EP300	83697
EP300	84815
EP300	849
EP300	875
EP300	8892
EP300	89472
EP300	91
EP300	91435
EP300	91469
EP300	92258
EP300	92817
EP300	92904
EP300	932
EP300	9378
EP300	938
EP300	94228
EP300	94715
EP300	95170
EP300	9548632
EP300	96384
EP300	970
EP300	9750
EP300	9795113
EP300	9831622
EP300	9838356
EP300	985
EP300	9877619
EP300	9903
EP300	9920281
EP300	99474
EP300	999
EP300	no12
EP300	no13
EP300	no17
EP300	no3
EP300	no7
ERBB4	500189
ERBB4	9795113
ERBB4	9838356
ERBB4	101101166
ERBB4	10133
ERBB4	10140
ERBB4	10176710
ERBB4	102066451
ERBB4	10258
ERBB4	10267
ERBB4	1030
ERBB4	10308378
ERBB4	1031
ERBB4	10381440
ERBB4	10394
ERBB4	10430
ERBB4	10466307
ERBB4	104745
ERBB4	104775
ERBB4	10559720
ERBB4	10661294
ERBB4	107
ERBB4	107735
ERBB4	10802382
ERBB4	11005
ERBB4	11213350
ERBB4	1135
ERBB4	1145
ERBB4	1146
ERBB4	114781
ERBB4	1150
ERBB4	115089
ERBB4	11679800
ERBB4	1188
ERBB4	119
ERBB4	119307
ERBB4	122356
ERBB4	12310288
ERBB4	124343
ERBB4	124886
ERBB4	12544
ERBB4	12587
ERBB4	12647
ERBB4	127
ERBB4	129858541
ERBB4	129887767
ERBB4	131751737
ERBB4	135
ERBB4	135191
ERBB4	135398592
ERBB4	135398593
ERBB4	135398638
ERBB4	135398658
ERBB4	13580
ERBB4	138478
ERBB4	138805674
ERBB4	139597845
ERBB4	145742
ERBB4	147608
ERBB4	14925
ERBB4	14969
ERBB4	150923
ERBB4	1530
ERBB4	1530236
ERBB4	153520426
ERBB4	154035
ERBB4	159660
ERBB4	160419
ERBB4	160471
ERBB4	160636
ERBB4	162859
ERBB4	175
ERBB4	176907
ERBB4	179
ERBB4	181511
ERBB4	1826
ERBB4	185914
ERBB4	18950
ERBB4	18986
ERBB4	192215
ERBB4	199
ERBB4	20601635
ERBB4	21722175
ERBB4	222528
ERBB4	22253297
ERBB4	23676771
ERBB4	242
ERBB4	24970825
ERBB4	25201019
ERBB4	262
ERBB4	2733768
ERBB4	2752054
ERBB4	283
ERBB4	2969
ERBB4	3081033
ERBB4	311
ERBB4	31401
ERBB4	321710
ERBB4	323
ERBB4	3292996
ERBB4	33032
ERBB4	332427
ERBB4	348154
ERBB4	3587356
ERBB4	359
ERBB4	36159
ERBB4	3744
ERBB4	3845
ERBB4	384870
ERBB4	402
ERBB4	4183249
ERBB4	424
ERBB4	439183
ERBB4	439232
ERBB4	439435
ERBB4	439520
ERBB4	439586
ERBB4	439709
ERBB4	439763
ERBB4	4398339
ERBB4	440993
ERBB4	442424
ERBB4	444795
ERBB4	444873
ERBB4	444899
ERBB4	445027
ERBB4	445580
ERBB4	445638
ERBB4	445639
ERBB4	45093073
ERBB4	45093080
ERBB4	4615423
ERBB4	4671
ERBB4	4788
ERBB4	480764
ERBB4	4829
ERBB4	49831816
ERBB4	51576
ERBB4	5202
ERBB4	522502
ERBB4	5280343
ERBB4	5280442
ERBB4	5280443
ERBB4	5280445
ERBB4	5280450
ERBB4	5280459
ERBB4	5280804
ERBB4	5280863
ERBB4	5280960
ERBB4	5280961
ERBB4	5281605
ERBB4	5281607
ERBB4	5281612
ERBB4	5281656
ERBB4	5281672
ERBB4	5281708
ERBB4	5282155
ERBB4	5282160
ERBB4	5282768
ERBB4	5284649
ERBB4	52920332
ERBB4	5315606
ERBB4	5317750
ERBB4	5318980
ERBB4	5327011
ERBB4	5375048
ERBB4	54580480
ERBB4	5459879
ERBB4	5460161
ERBB4	54670067
ERBB4	547
ERBB4	5481990
ERBB4	5488186
ERBB4	5488822
ERBB4	5610
ERBB4	58177709
ERBB4	586
ERBB4	5862
ERBB4	5950
ERBB4	5951
ERBB4	5960
ERBB4	602
ERBB4	6047
ERBB4	6057
ERBB4	6106
ERBB4	613145
ERBB4	6137
ERBB4	6140
ERBB4	61503
ERBB4	6262
ERBB4	6267
ERBB4	6274
ERBB4	6287
ERBB4	6288
ERBB4	6306
ERBB4	64981
ERBB4	64982
ERBB4	650
ERBB4	65065
ERBB4	6508
ERBB4	65373
ERBB4	6590
ERBB4	6613
ERBB4	6675
ERBB4	6723
ERBB4	6736
ERBB4	67678
ERBB4	681
ERBB4	689043
ERBB4	6971058
ERBB4	6971268
ERBB4	6971271
ERBB4	69867
ERBB4	702
ERBB4	71352575
ERBB4	71629
ERBB4	72
ERBB4	7420
ERBB4	750
ERBB4	753
ERBB4	783
ERBB4	785
ERBB4	79041
ERBB4	798
ERBB4	7991
ERBB4	80817
ERBB4	824
ERBB4	8314
ERBB4	83404
ERBB4	83697
ERBB4	84815
ERBB4	849
ERBB4	875
ERBB4	8892
ERBB4	89472
ERBB4	91
ERBB4	91435
ERBB4	91469
ERBB4	92258
ERBB4	92817
ERBB4	92904
ERBB4	932
ERBB4	9378
ERBB4	938
ERBB4	94228
ERBB4	94715
ERBB4	95170
ERBB4	9548632
ERBB4	96384
ERBB4	970
ERBB4	9750
ERBB4	9831622
ERBB4	985
ERBB4	9877619
ERBB4	9903
ERBB4	9920281
ERBB4	99474
ERBB4	999
ERBB4	no12
ERBB4	no13
ERBB4	no17
ERBB4	no3
ERBB4	no7
FEN1	5280442
FEN1	7420
FEN1	242
FEN1	999
FEN1	3845
FEN1	444873
FEN1	107
FEN1	970
FEN1	5280961
FEN1	18986
FEN1	10394
FEN1	10559720
FEN1	147608
FEN1	1530236
FEN1	179
FEN1	262
FEN1	2752054
FEN1	384870
FEN1	51576
FEN1	5280960
FEN1	5281656
FEN1	5375048
FEN1	69867
FEN1	79041
FEN1	798
FEN1	91
FEN1	9378
FEN1	938
FEN1	9548632
FEN1	10258
FEN1	45093073
GRIK2	6306
GRIK2	6106
GRIK2	5862
GRIK2	12647
GRIK2	6267
GRIK2	6137
GRIK2	9750
GRIK2	6274
GRIK2	6287
GRIK2	14925
GRIK2	6047
GRIK2	33032
GRIK2	424
GRIK2	8314
GRIK2	67678
GRIK2	824
GRIK2	6288
GRIK2	84815
GRIK2	5950
GRIK2	6140
GRIK2	5960
GRIK2	602
GRIK2	159660
GRIK2	6262
GRIK2	18986
GRIK2	5951
GRIK2	6057
GRIK2	10430
GRIK2	104775
GRIK2	114781
GRIK2	119
GRIK2	12587
GRIK2	13580
GRIK2	145742
GRIK2	153520426
GRIK2	22253297
GRIK2	311
GRIK2	348154
GRIK2	3587356
GRIK2	439435
GRIK2	4398339
GRIK2	444873
GRIK2	445639
GRIK2	5282768
GRIK2	52920332
GRIK2	5459879
GRIK2	586
GRIK2	6508
GRIK2	6613
GRIK2	7991
GRIK2	83697
GRIK2	8892
GRIK2	92817
GRIK2	96384
GRIK2	no17
GRIK2	107735
GRIK2	160471
GRIK2	23676771
GRIK2	5327011
GRIK2	5460161
GRIK2	61503
GRIK2	65065
GRIK2	6590
GRIK2	6971058
GRIK2	6971271
GRIK2	750
GRIK2	79041
GRIK2	80817
GRIK2	91435
GRIK2	92258
GRIK2	970
HTT	5610
HTT	185914
HTT	181511
HTT	150923
HTT	199
HTT	323
HTT	384870
HTT	4615423
HTT	101101166
HTT	10133
HTT	10140
HTT	10176710
HTT	102066451
HTT	10258
HTT	10267
HTT	1030
HTT	10308378
HTT	1031
HTT	10381440
HTT	10394
HTT	10430
HTT	10466307
HTT	104745
HTT	104775
HTT	10559720
HTT	10661294
HTT	107
HTT	107735
HTT	10802382
HTT	11005
HTT	11213350
HTT	1135
HTT	1145
HTT	1146
HTT	114781
HTT	1150
HTT	115089
HTT	11679800
HTT	1188
HTT	119
HTT	119307
HTT	122356
HTT	12310288
HTT	124343
HTT	124886
HTT	12544
HTT	12587
HTT	12647
HTT	127
HTT	129858541
HTT	129887767
HTT	131751737
HTT	135
HTT	135191
HTT	135398592
HTT	135398593
HTT	135398638
HTT	135398658
HTT	13580
HTT	138478
HTT	138805674
HTT	139597845
HTT	145742
HTT	147608
HTT	14925
HTT	14969
HTT	1530
HTT	1530236
HTT	153520426
HTT	154035
HTT	159660
HTT	160419
HTT	160471
HTT	160636
HTT	162859
HTT	175
HTT	176907
HTT	179
HTT	1826
HTT	18950
HTT	18986
HTT	192215
HTT	20601635
HTT	21722175
HTT	222528
HTT	22253297
HTT	23676771
HTT	242
HTT	24970825
HTT	25201019
HTT	262
HTT	2733768
HTT	2752054
HTT	283
HTT	2969
HTT	3081033
HTT	311
HTT	31401
HTT	321710
HTT	3292996
HTT	33032
HTT	332427
HTT	348154
HTT	3587356
HTT	359
HTT	36159
HTT	3744
HTT	3845
HTT	402
HTT	4183249
HTT	424
HTT	439183
HTT	439232
HTT	439435
HTT	439520
HTT	439586
HTT	439709
HTT	439763
HTT	4398339
HTT	440993
HTT	442424
HTT	444795
HTT	444873
HTT	444899
HTT	445027
HTT	445580
HTT	445638
HTT	445639
HTT	45093073
HTT	45093080
HTT	4671
HTT	4788
HTT	480764
HTT	4829
HTT	49831816
HTT	500189
HTT	51576
HTT	5202
HTT	522502
HTT	5280343
HTT	5280442
HTT	5280443
HTT	5280445
HTT	5280450
HTT	5280459
HTT	5280804
HTT	5280863
HTT	5280960
HTT	5280961
HTT	5281605
HTT	5281607
HTT	5281612
HTT	5281656
HTT	5281672
HTT	5281708
HTT	5282155
HTT	5282160
HTT	5282768
HTT	5284649
HTT	52920332
HTT	5315606
HTT	5317750
HTT	5318980
HTT	5327011
HTT	5375048
HTT	54580480
HTT	5459879
HTT	5460161
HTT	54670067
HTT	547
HTT	5481990
HTT	5488186
HTT	5488822
HTT	58177709
HTT	586
HTT	5862
HTT	5950
HTT	5951
HTT	5960
HTT	602
HTT	6047
HTT	6057
HTT	6106
HTT	613145
HTT	6137
HTT	6140
HTT	61503
HTT	6262
HTT	6267
HTT	6274
HTT	6287
HTT	6288
HTT	6306
HTT	64981
HTT	64982
HTT	650
HTT	65065
HTT	6508
HTT	65373
HTT	6590
HTT	6613
HTT	6675
HTT	6723
HTT	6736
HTT	67678
HTT	681
HTT	689043
HTT	6971058
HTT	6971268
HTT	6971271
HTT	69867
HTT	702
HTT	71352575
HTT	71629
HTT	72
HTT	7420
HTT	750
HTT	753
HTT	783
HTT	785
HTT	79041
HTT	798
HTT	7991
HTT	80817
HTT	824
HTT	8314
HTT	83404
HTT	83697
HTT	84815
HTT	849
HTT	875
HTT	8892
HTT	89472
HTT	91
HTT	91435
HTT	91469
HTT	92258
HTT	92817
HTT	92904
HTT	932
HTT	9378
HTT	938
HTT	94228
HTT	94715
HTT	95170
HTT	9548632
HTT	96384
HTT	970
HTT	9750
HTT	9795113
HTT	9831622
HTT	9838356
HTT	985
HTT	9877619
HTT	9903
HTT	9920281
HTT	99474
HTT	999
HTT	no12
HTT	no13
HTT	no17
HTT	no3
HTT	no7
P4HTM	7420
P4HTM	72
P4HTM	10394
P4HTM	135
P4HTM	938
P4HTM	999
P4HTM	107
P4HTM	348154
P4HTM	127
P4HTM	547
P4HTM	1030
P4HTM	1530236
P4HTM	5375048
P4HTM	65065
P4HTM	6723
P4HTM	753
P4HTM	79041
PDE4B	64981
PDE4B	999
PDE4B	384870
PDE4B	127
PDE4B	101101166
PDE4B	10258
PDE4B	10308378
PDE4B	10381440
PDE4B	11005
PDE4B	11213350
PDE4B	135398638
PDE4B	135398658
PDE4B	139597845
PDE4B	2733768
PDE4B	3081033
PDE4B	439763
PDE4B	444899
PDE4B	445580
PDE4B	445639
PDE4B	5327011
PDE4B	5481990
PDE4B	6675
PDE4B	9920281
PDE4B	99474
PDE4B	10133
PDE4B	10140
PDE4B	10176710
PDE4B	102066451
PDE4B	10267
PDE4B	1030
PDE4B	1031
PDE4B	10394
PDE4B	10430
PDE4B	10466307
PDE4B	104745
PDE4B	104775
PDE4B	10559720
PDE4B	10661294
PDE4B	107
PDE4B	107735
PDE4B	10802382
PDE4B	1135
PDE4B	1145
PDE4B	1146
PDE4B	114781
PDE4B	1150
PDE4B	115089
PDE4B	11679800
PDE4B	1188
PDE4B	119
PDE4B	119307
PDE4B	122356
PDE4B	12310288
PDE4B	124343
PDE4B	124886
PDE4B	12544
PDE4B	12587
PDE4B	12647
PDE4B	129858541
PDE4B	129887767
PDE4B	131751737
PDE4B	135
PDE4B	135191
PDE4B	135398592
PDE4B	135398593
PDE4B	13580
PDE4B	138478
PDE4B	138805674
PDE4B	145742
PDE4B	147608
PDE4B	14925
PDE4B	14969
PDE4B	150923
PDE4B	1530
PDE4B	1530236
PDE4B	153520426
PDE4B	154035
PDE4B	159660
PDE4B	160419
PDE4B	160471
PDE4B	160636
PDE4B	162859
PDE4B	175
PDE4B	176907
PDE4B	179
PDE4B	181511
PDE4B	1826
PDE4B	185914
PDE4B	18950
PDE4B	18986
PDE4B	192215
PDE4B	199
PDE4B	20601635
PDE4B	21722175
PDE4B	222528
PDE4B	22253297
PDE4B	23676771
PDE4B	242
PDE4B	24970825
PDE4B	25201019
PDE4B	262
PDE4B	2752054
PDE4B	283
PDE4B	2969
PDE4B	311
PDE4B	31401
PDE4B	321710
PDE4B	323
PDE4B	3292996
PDE4B	33032
PDE4B	332427
PDE4B	348154
PDE4B	3587356
PDE4B	359
PDE4B	36159
PDE4B	3744
PDE4B	3845
PDE4B	402
PDE4B	4183249
PDE4B	424
PDE4B	439183
PDE4B	439232
PDE4B	439435
PDE4B	439520
PDE4B	439586
PDE4B	439709
PDE4B	4398339
PDE4B	440993
PDE4B	442424
PDE4B	444795
PDE4B	444873
PDE4B	445027
PDE4B	445638
PDE4B	45093073
PDE4B	45093080
PDE4B	4615423
PDE4B	4671
PDE4B	4788
PDE4B	480764
PDE4B	4829
PDE4B	49831816
PDE4B	500189
PDE4B	51576
PDE4B	5202
PDE4B	522502
PDE4B	5280343
PDE4B	5280442
PDE4B	5280443
PDE4B	5280445
PDE4B	5280450
PDE4B	5280459
PDE4B	5280804
PDE4B	5280863
PDE4B	5280960
PDE4B	5280961
PDE4B	5281605
PDE4B	5281607
PDE4B	5281612
PDE4B	5281656
PDE4B	5281672
PDE4B	5281708
PDE4B	5282155
PDE4B	5282160
PDE4B	5282768
PDE4B	5284649
PDE4B	52920332
PDE4B	5315606
PDE4B	5317750
PDE4B	5318980
PDE4B	5375048
PDE4B	54580480
PDE4B	5459879
PDE4B	5460161
PDE4B	54670067
PDE4B	547
PDE4B	5488186
PDE4B	5488822
PDE4B	5610
PDE4B	58177709
PDE4B	586
PDE4B	5862
PDE4B	5950
PDE4B	5951
PDE4B	5960
PDE4B	602
PDE4B	6047
PDE4B	6057
PDE4B	6106
PDE4B	613145
PDE4B	6137
PDE4B	6140
PDE4B	61503
PDE4B	6262
PDE4B	6267
PDE4B	6274
PDE4B	6287
PDE4B	6288
PDE4B	6306
PDE4B	64982
PDE4B	650
PDE4B	65065
PDE4B	6508
PDE4B	65373
PDE4B	6590
PDE4B	6613
PDE4B	6723
PDE4B	6736
PDE4B	67678
PDE4B	681
PDE4B	689043
PDE4B	6971058
PDE4B	6971268
PDE4B	6971271
PDE4B	69867
PDE4B	702
PDE4B	71352575
PDE4B	71629
PDE4B	72
PDE4B	7420
PDE4B	750
PDE4B	753
PDE4B	783
PDE4B	785
PDE4B	79041
PDE4B	798
PDE4B	7991
PDE4B	80817
PDE4B	824
PDE4B	8314
PDE4B	83404
PDE4B	83697
PDE4B	84815
PDE4B	849
PDE4B	875
PDE4B	8892
PDE4B	89472
PDE4B	91
PDE4B	91435
PDE4B	91469
PDE4B	92258
PDE4B	92817
PDE4B	92904
PDE4B	932
PDE4B	9378
PDE4B	938
PDE4B	94228
PDE4B	94715
PDE4B	95170
PDE4B	9548632
PDE4B	96384
PDE4B	970
PDE4B	9750
PDE4B	9795113
PDE4B	9831622
PDE4B	9838356
PDE4B	985
PDE4B	9877619
PDE4B	9903
PDE4B	no12
PDE4B	no13
PDE4B	no17
PDE4B	no3
PDE4B	no7
SENP7	5280442
SENP7	7420
SENP7	242
SENP7	9877619
SENP7	10176710
SENP7	129849310
SENP7	138478
SENP7	147608
SENP7	1530
SENP7	176907
SENP7	321710
SENP7	36159
SENP7	3845
SENP7	4788
SENP7	480764
SENP7	4829
SENP7	5280960
SENP7	5281708
SENP7	5317750
SENP7	5375048
SENP7	613145
SENP7	69867
SENP7	798
SENP7	89472
SENP7	95170
SENP7	9795113
THRA	no12
THRA	2969
THRA	10394
THRA	439435
THRA	52920332
THRA	96384
THRA	92258
THRA	999
THRA	1826
THRA	49831816
THRA	6047
THRA	153520426
THRA	8892
THRA	no17
THRA	107
THRA	3744
THRA	11005
THRA	2752054
THRA	348154
THRA	no13
THRA	6140
THRA	10559720
THRA	985
THRA	3081033
THRA	18986
THRA	91
THRA	127
THRA	547
THRA	6057
THRA	10133
THRA	10308378
THRA	12310288
THRA	12544
THRA	12587
THRA	160636
THRA	222528
THRA	24970825
THRA	31401
THRA	3845
THRA	439520
THRA	445027
THRA	445638
THRA	4829
THRA	6971268
THRA	9378
THRA	94228
THRA	9548632
THRA	9903
THRA	101101166
THRA	10140
THRA	10176710
THRA	102066451
THRA	10258
THRA	10267
THRA	1030
THRA	1031
THRA	10381440
THRA	10430
THRA	10466307
THRA	104745
THRA	104775
THRA	10661294
THRA	107735
THRA	10802382
THRA	11213350
THRA	1135
THRA	1145
THRA	1146
THRA	114781
THRA	1150
THRA	115089
THRA	11679800
THRA	1188
THRA	119
THRA	119307
THRA	122356
THRA	124343
THRA	124886
THRA	12647
THRA	129858541
THRA	129887767
THRA	131751737
THRA	135
THRA	135191
THRA	135398592
THRA	135398593
THRA	135398638
THRA	135398658
THRA	13580
THRA	138478
THRA	138805674
THRA	139597845
THRA	145742
THRA	147608
THRA	14925
THRA	14969
THRA	150923
THRA	1530
THRA	1530236
THRA	154035
THRA	159660
THRA	160419
THRA	160471
THRA	162859
THRA	175
THRA	176907
THRA	179
THRA	181511
THRA	185914
THRA	18950
THRA	192215
THRA	199
THRA	20601635
THRA	21722175
THRA	22253297
THRA	23676771
THRA	242
THRA	25201019
THRA	262
THRA	2733768
THRA	283
THRA	311
THRA	321710
THRA	323
THRA	3292996
THRA	33032
THRA	332427
THRA	3587356
THRA	359
THRA	36159
THRA	384870
THRA	402
THRA	4183249
THRA	424
THRA	439183
THRA	439232
THRA	439586
THRA	439709
THRA	439763
THRA	4398339
THRA	440993
THRA	442424
THRA	444795
THRA	444873
THRA	444899
THRA	445580
THRA	445639
THRA	45093073
THRA	45093080
THRA	4615423
THRA	4671
THRA	4788
THRA	480764
THRA	500189
THRA	51576
THRA	5202
THRA	522502
THRA	5280343
THRA	5280442
THRA	5280443
THRA	5280445
THRA	5280450
THRA	5280459
THRA	5280804
THRA	5280863
THRA	5280960
THRA	5280961
THRA	5281605
THRA	5281607
THRA	5281612
THRA	5281656
THRA	5281672
THRA	5281708
THRA	5282155
THRA	5282160
THRA	5282768
THRA	5284649
THRA	5315606
THRA	5317750
THRA	5318980
THRA	5327011
THRA	5375048
THRA	54580480
THRA	5459879
THRA	5460161
THRA	54670067
THRA	5481990
THRA	5488186
THRA	5488822
THRA	5610
THRA	58177709
THRA	586
THRA	5862
THRA	5950
THRA	5951
THRA	5960
THRA	602
THRA	6106
THRA	613145
THRA	6137
THRA	61503
THRA	6262
THRA	6267
THRA	6274
THRA	6287
THRA	6288
THRA	6306
THRA	64981
THRA	64982
THRA	650
THRA	65065
THRA	6508
THRA	65373
THRA	6590
THRA	6613
THRA	6675
THRA	6723
THRA	6736
THRA	67678
THRA	681
THRA	689043
THRA	6971058
THRA	6971271
THRA	69867
THRA	702
THRA	71352575
THRA	71629
THRA	72
THRA	7420
THRA	750
THRA	753
THRA	783
THRA	785
THRA	79041
THRA	798
THRA	7991
THRA	80817
THRA	824
THRA	8314
THRA	83404
THRA	83697
THRA	84815
THRA	849
THRA	875
THRA	89472
THRA	91435
THRA	91469
THRA	92817
THRA	92904
THRA	932
THRA	938
THRA	94715
THRA	95170
THRA	970
THRA	9750
THRA	9795113
THRA	9831622
THRA	9838356
THRA	9877619
THRA	9920281
THRA	99474
THRA	no3
THRA	no7
FADS1	25201019
FADS1	45093080
FADS1	10176710
FADS1	138478
FADS1	181511
FADS1	91469
AIP	R-HSA-8950505
AIP	R-HSA-9020591
AIP	R-HSA-447115
AIP	R-HSA-8937144
AIP	R-HSA-449147
AIP	R-HSA-1280215
AIP	R-HSA-5389840
AIP	R-HSA-5368286
AIP	R-HSA-9937383
AIP	R-HSA-5419276
AIP	R-HSA-5368287
AIP	R-HSA-211945
AIP	R-HSA-168256
AIP	R-HSA-72766
AIP	R-HSA-211859
AIP	R-HSA-392499
AIP	R-HSA-1430728
CD81	R-HSA-977606
CD81	R-HSA-166658
CD81	R-HSA-198933
CD81	R-HSA-1280218
CD81	R-HSA-168249
CD81	R-HSA-168256
CDK5	R-HSA-9768919
CDK5	R-HSA-9634815
CDK5	R-HSA-9931529
CDK5	R-HSA-9032845
CDK5	R-HSA-9931530
CDK5	R-HSA-399956
CDK5	R-HSA-8862803
CDK5	R-HSA-8863678
CDK5	R-HSA-9734009
CDK5	R-HSA-9006115
CDK5	R-HSA-180024
CDK5	R-HSA-9031628
CDK5	R-HSA-373755
CDK5	R-HSA-212436
CDK5	R-HSA-198725
CDK5	R-HSA-73857
CDK5	R-HSA-6804756
CDK5	R-HSA-9645723
CDK5	R-HSA-111885
CDK5	R-HSA-74160
CDK5	R-HSA-9851695
CDK5	R-HSA-9841922
CDK5	R-HSA-9818564
CDK5	R-HSA-187037
CDK5	R-HSA-9909396
CDK5	R-HSA-166520
CDK5	R-HSA-9917777
CDK5	R-HSA-5633007
CDK5	R-HSA-983231
CDK5	R-HSA-212165
CDK5	R-HSA-418594
CDK5	R-HSA-3700989
CDK5	R-HSA-422475
CDK5	R-HSA-9675108
CDK5	R-HSA-9006934
CDK5	R-HSA-388396
CDK5	R-HSA-109582
CDK5	R-HSA-372790
CDK5	R-HSA-1266738
CDK5	R-HSA-162582
CDK5	R-HSA-1643685
CHRM1	R-HSA-390648
CHRM1	R-HSA-375280
CHRM1	R-HSA-416476
CHRM1	R-HSA-373076
CHRM1	R-HSA-500792
CHRM1	R-HSA-388396
CHRM1	R-HSA-372790
CHRM1	R-HSA-162582
CPB2	R-HSA-2022377
CPB2	R-HSA-2980736
CPB2	R-HSA-977606
CPB2	R-HSA-166658
CPB2	R-HSA-168249
CPB2	R-HSA-392499
CPB2	R-HSA-168256
CTSB	R-HSA-1679131
CTSB	R-HSA-9766229
CTSB	R-HSA-9764561
CTSB	R-HSA-2022090
CTSB	R-HSA-1442490
CTSB	R-HSA-1474290
CTSB	R-HSA-2132295
CTSB	R-HSA-1474228
CTSB	R-HSA-9764274
CTSB	R-HSA-9764265
CTSB	R-HSA-168898
CTSB	R-HSA-9759476
CTSB	R-HSA-418990
CTSB	R-HSA-421270
CTSB	R-HSA-446728
CTSB	R-HSA-1500931
CTSB	R-HSA-1474244
CTSB	R-HSA-6798695
CTSB	R-HSA-1280218
CTSB	R-HSA-168249
CTSB	R-HSA-168256
DRD2	R-HSA-390651
DRD2	R-HSA-375280
DRD2	R-HSA-373076
DRD2	R-HSA-500792
DRD2	R-HSA-372790
DRD2	R-HSA-162582
EP300	R-HSA-9818026
EP300	R-HSA-9818035
EP300	R-HSA-3134973
EP300	R-HSA-9818032
EP300	R-HSA-9818028
EP300	R-HSA-9818749
EP300	R-HSA-8951936
EP300	R-HSA-6811555
EP300	R-HSA-9617629
EP300	R-HSA-9818030
EP300	R-HSA-1234158
EP300	R-HSA-9701898
EP300	R-HSA-8866907
EP300	R-HSA-2197563
EP300	R-HSA-8941856
EP300	R-HSA-3371568
EP300	R-HSA-210744
EP300	R-HSA-9614657
EP300	R-HSA-156711
EP300	R-HSA-918233
EP300	R-HSA-6804114
EP300	R-HSA-9735871
EP300	R-HSA-9819196
EP300	R-HSA-6804760
EP300	R-HSA-9818027
EP300	R-HSA-9013695
EP300	R-HSA-5621575
EP300	R-HSA-9933387
EP300	R-HSA-3371571
EP300	R-HSA-9013508
EP300	R-HSA-9839394
EP300	R-HSA-933541
EP300	R-HSA-6804758
EP300	R-HSA-5689901
EP300	R-HSA-201556
EP300	R-HSA-9931509
EP300	R-HSA-1980145
EP300	R-HSA-2173796
EP300	R-HSA-8939243
EP300	R-HSA-9833109
EP300	R-HSA-8864260
EP300	R-HSA-9029569
EP300	R-HSA-9031628
EP300	R-HSA-186712
EP300	R-HSA-3899300
EP300	R-HSA-8941858
EP300	R-HSA-9839373
EP300	R-HSA-9707616
EP300	R-HSA-9024446
EP300	R-HSA-2122947
EP300	R-HSA-9012852
EP300	R-HSA-6791312
EP300	R-HSA-2173793
EP300	R-HSA-9616222
EP300	R-HSA-5250924
EP300	R-HSA-2644606
EP300	R-HSA-2894862
EP300	R-HSA-2644602
EP300	R-HSA-2894858
EP300	R-HSA-2644603
EP300	R-HSA-201722
EP300	R-HSA-9793380
EP300	R-HSA-198725
EP300	R-HSA-1234174
EP300	R-HSA-9856649
EP300	R-HSA-8936459
EP300	R-HSA-1834949
EP300	R-HSA-1912408
EP300	R-HSA-9614085
EP300	R-HSA-9909649
EP300	R-HSA-9013694
EP300	R-HSA-5250913
EP300	R-HSA-1980143
EP300	R-HSA-1912422
EP300	R-HSA-381340
EP300	R-HSA-8878159
EP300	R-HSA-168928
EP300	R-HSA-9759194
EP300	R-HSA-9816359
EP300	R-HSA-5617472
EP300	R-HSA-5619507
EP300	R-HSA-170834
EP300	R-HSA-3371556
EP300	R-HSA-9851695
EP300	R-HSA-9841922
EP300	R-HSA-9818564
EP300	R-HSA-3214847
EP300	R-HSA-9833110
EP300	R-HSA-9692914
EP300	R-HSA-9843745
EP300	R-HSA-9909396
EP300	R-HSA-9755511
EP300	R-HSA-9758941
EP300	R-HSA-187037
EP300	R-HSA-1989781
EP300	R-HSA-9018519
EP300	R-HSA-400206
EP300	R-HSA-9820952
EP300	R-HSA-9917777
EP300	R-HSA-166520
EP300	R-HSA-9678108
EP300	R-HSA-9730414
EP300	R-HSA-9006936
EP300	R-HSA-5633007
EP300	R-HSA-5621481
EP300	R-HSA-9909648
EP300	R-HSA-3108232
EP300	R-HSA-2990846
EP300	R-HSA-201681
EP300	R-HSA-389948
EP300	R-HSA-69275
EP300	R-HSA-8878171
EP300	R-HSA-453274
EP300	R-HSA-8939211
EP300	R-HSA-157118
EP300	R-HSA-9711123
EP300	R-HSA-3247509
EP300	R-HSA-388841
EP300	R-HSA-4839726
EP300	R-HSA-5688426
EP300	R-HSA-9006931
EP300	R-HSA-195721
EP300	R-HSA-212165
EP300	R-HSA-3700989
EP300	R-HSA-5663202
EP300	R-HSA-9679506
EP300	R-HSA-69278
EP300	R-HSA-9006934
EP300	R-HSA-1640170
EP300	R-HSA-556833
EP300	R-HSA-2262752
EP300	R-HSA-8953897
EP300	R-HSA-1280218
EP300	R-HSA-9824446
EP300	R-HSA-168249
EP300	R-HSA-212436
EP300	R-HSA-73857
EP300	R-HSA-1266738
EP300	R-HSA-597592
EP300	R-HSA-5663205
EP300	R-HSA-74160
EP300	R-HSA-392499
EP300	R-HSA-1430728
EP300	R-HSA-168256
EP300	R-HSA-1643685
EP300	R-HSA-162582
ERBB4	R-HSA-1251985
ERBB4	R-HSA-1236394
ERBB4	R-HSA-1253288
ERBB4	R-HSA-8847993
ERBB4	R-HSA-6785631
ERBB4	R-HSA-1250347
ERBB4	R-HSA-1963640
ERBB4	R-HSA-9665686
ERBB4	R-HSA-9620244
ERBB4	R-HSA-9664565
ERBB4	R-HSA-1250196
ERBB4	R-HSA-1227990
ERBB4	R-HSA-8863795
ERBB4	R-HSA-1227986
ERBB4	R-HSA-9006927
ERBB4	R-HSA-8848021
ERBB4	R-HSA-438064
ERBB4	R-HSA-442755
ERBB4	R-HSA-9006934
ERBB4	R-HSA-1250342
ERBB4	R-HSA-1963642
ERBB4	R-HSA-112314
ERBB4	R-HSA-5673001
ERBB4	R-HSA-5684996
ERBB4	R-HSA-112315
ERBB4	R-HSA-5683057
ERBB4	R-HSA-112316
ERBB4	R-HSA-5663202
ERBB4	R-HSA-2219530
ERBB4	R-HSA-2219528
ERBB4	R-HSA-6811558
ERBB4	R-HSA-199418
ERBB4	R-HSA-9018519
ERBB4	R-HSA-162582
ERBB4	R-HSA-8939211
ERBB4	R-HSA-1257604
ERBB4	R-HSA-9006925
ERBB4	R-HSA-9006931
ERBB4	R-HSA-1643685
ESR2	R-HSA-9009391
ESR2	R-HSA-383280
ESR2	R-HSA-2219530
ESR2	R-HSA-2219528
ESR2	R-HSA-6811558
ESR2	R-HSA-199418
ESR2	R-HSA-8939211
ESR2	R-HSA-9006931
ESR2	R-HSA-1257604
ESR2	R-HSA-9006925
ESR2	R-HSA-5663202
ESR2	R-HSA-212436
ESR2	R-HSA-73857
ESR2	R-HSA-74160
ESR2	R-HSA-1643685
ESR2	R-HSA-162582
F3	R-HSA-140834
F3	R-HSA-140877
F3	R-HSA-9031628
F3	R-HSA-198725
F3	R-HSA-187037
F3	R-HSA-166520
F3	R-HSA-9006934
F3	R-HSA-109582
F3	R-HSA-162582
FADS1	R-HSA-1989781
FADS1	R-HSA-400206
FADS1	R-HSA-2046105
FADS1	R-HSA-2046106
FADS1	R-HSA-2046104
FADS1	R-HSA-556833
FADS1	R-HSA-8978868
FADS1	R-HSA-1430728
FEN1	R-HSA-110362
FEN1	R-HSA-5685939
FEN1	R-HSA-69166
FEN1	R-HSA-69183
FEN1	R-HSA-174437
FEN1	R-HSA-174414
FEN1	R-HSA-69186
FEN1	R-HSA-5651801
FEN1	R-HSA-162594
FEN1	R-HSA-110373
FEN1	R-HSA-69190
FEN1	R-HSA-174417
FEN1	R-HSA-73933
FEN1	R-HSA-180786
FEN1	R-HSA-73884
FEN1	R-HSA-157579
FEN1	R-HSA-69239
FEN1	R-HSA-73886
FEN1	R-HSA-5693538
FEN1	R-HSA-69242
FEN1	R-HSA-5693532
FEN1	R-HSA-69306
FEN1	R-HSA-162587
FEN1	R-HSA-162906
FEN1	R-HSA-73894
FEN1	R-HSA-69278
FEN1	R-HSA-1640170
FEN1	R-HSA-9824446
FEN1	R-HSA-5663205
FEN1	R-HSA-1643685
FGFR3	R-HSA-2033514
FGFR3	R-HSA-1839130
FGFR3	R-HSA-5655332
FGFR3	R-HSA-1226099
FGFR3	R-HSA-5654227
FGFR3	R-HSA-190239
FGFR3	R-HSA-5654710
FGFR3	R-HSA-5654704
FGFR3	R-HSA-5654706
FGFR3	R-HSA-5654708
FGFR3	R-HSA-5654732
FGFR3	R-HSA-5654741
FGFR3	R-HSA-109704
FGFR3	R-HSA-112399
FGFR3	R-HSA-5663202
FGFR3	R-HSA-2428928
FGFR3	R-HSA-74751
FGFR3	R-HSA-2428924
FGFR3	R-HSA-2404192
FGFR3	R-HSA-74752
FGFR3	R-HSA-2219530
FGFR3	R-HSA-190236
FGFR3	R-HSA-2033515
FGFR3	R-HSA-8853334
FGFR3	R-HSA-2219528
FGFR3	R-HSA-6811558
FGFR3	R-HSA-199418
FGFR3	R-HSA-1257604
FGFR3	R-HSA-5673001
FGFR3	R-HSA-5684996
FGFR3	R-HSA-190371
FGFR3	R-HSA-9006925
FGFR3	R-HSA-5683057
FGFR3	R-HSA-190372
FGFR3	R-HSA-9006934
FGFR3	R-HSA-1643685
FGFR3	R-HSA-162582
FKBP4	R-HSA-3371568
FKBP4	R-HSA-3371571
FKBP4	R-HSA-3371556
FKBP4	R-HSA-2262752
FKBP4	R-HSA-8953897
FKBP4	R-HSA-3371511
FKBP4	R-HSA-3371497
FKBP4	R-HSA-3371453
FKBP4	R-HSA-9018519
FKBP4	R-HSA-9679191
FKBP4	R-HSA-8939211
FKBP4	R-HSA-9006931
FKBP4	R-HSA-9679506
FKBP4	R-HSA-9824446
FKBP4	R-HSA-5663205
FKBP4	R-HSA-162582
FKBP4	R-HSA-1643685
FOS	R-HSA-9634638
FOS	R-HSA-9768919
FOS	R-HSA-9634815
FOS	R-HSA-9009391
FOS	R-HSA-6785807
FOS	R-HSA-8939211
FOS	R-HSA-9006931
FOS	R-HSA-450341
FOS	R-HSA-449147
FOS	R-HSA-450282
FOS	R-HSA-1280215
FOS	R-HSA-9031628
FOS	R-HSA-450294
FOS	R-HSA-212436
FOS	R-HSA-448424
FOS	R-HSA-198725
FOS	R-HSA-6796648
FOS	R-HSA-2559582
FOS	R-HSA-73857
FOS	R-HSA-975871
FOS	R-HSA-168176
FOS	R-HSA-168142
FOS	R-HSA-2559580
FOS	R-HSA-168164
FOS	R-HSA-975138
FOS	R-HSA-975155
FOS	R-HSA-937061
FOS	R-HSA-166166
FOS	R-HSA-74160
FOS	R-HSA-2871796
FOS	R-HSA-168181
FOS	R-HSA-168138
FOS	R-HSA-166058
FOS	R-HSA-168188
FOS	R-HSA-168179
FOS	R-HSA-181438
FOS	R-HSA-187037
FOS	R-HSA-9018519
FOS	R-HSA-166016
FOS	R-HSA-166520
FOS	R-HSA-2559583
FOS	R-HSA-168898
FOS	R-HSA-2454202
FOS	R-HSA-168256
FOS	R-HSA-162582
FOS	R-HSA-3700989
FOS	R-HSA-9006934
FOS	R-HSA-2262752
FOS	R-HSA-8953897
FOS	R-HSA-168249
FURIN	R-HSA-2173796
FURIN	R-HSA-2173793
FURIN	R-HSA-170834
FURIN	R-HSA-9006936
FURIN	R-HSA-171286
FURIN	R-HSA-167060
FURIN	R-HSA-9036866
FURIN	R-HSA-159782
FURIN	R-HSA-9918476
FURIN	R-HSA-9662834
FURIN	R-HSA-159854
FURIN	R-HSA-9733458
FURIN	R-HSA-5210891
FURIN	R-HSA-1912420
FURIN	R-HSA-1181150
FURIN	R-HSA-9694614
FURIN	R-HSA-175474
FURIN	R-HSA-9953170
FURIN	R-HSA-8963889
FURIN	R-HSA-9828806
FURIN	R-HSA-1592389
FURIN	R-HSA-9820960
FURIN	R-HSA-9768727
FURIN	R-HSA-1566948
FURIN	R-HSA-9820965
FURIN	R-HSA-9918485
FURIN	R-HSA-2173789
FURIN	R-HSA-8963899
FURIN	R-HSA-5339562
FURIN	R-HSA-9772572
FURIN	R-HSA-1442490
FURIN	R-HSA-186797
FURIN	R-HSA-212436
FURIN	R-HSA-977225
FURIN	R-HSA-73857
FURIN	R-HSA-163841
FURIN	R-HSA-9772573
FURIN	R-HSA-174824
FURIN	R-HSA-74160
FURIN	R-HSA-1912422
FURIN	R-HSA-6809371
FURIN	R-HSA-1474228
FURIN	R-HSA-9820952
FURIN	R-HSA-162599
FURIN	R-HSA-166520
FURIN	R-HSA-9679191
FURIN	R-HSA-162587
FURIN	R-HSA-9664433
FURIN	R-HSA-9662851
FURIN	R-HSA-1169410
FURIN	R-HSA-9764274
FURIN	R-HSA-9764265
FURIN	R-HSA-9759476
FURIN	R-HSA-6805567
FURIN	R-HSA-418990
FURIN	R-HSA-162906
FURIN	R-HSA-157118
FURIN	R-HSA-421270
FURIN	R-HSA-162582
FURIN	R-HSA-446728
FURIN	R-HSA-9658195
FURIN	R-HSA-9824443
FURIN	R-HSA-1500931
FURIN	R-HSA-1474244
FURIN	R-HSA-9694516
FURIN	R-HSA-9839923
FURIN	R-HSA-9824439
FURIN	R-HSA-913531
FURIN	R-HSA-9679506
FURIN	R-HSA-9006934
FURIN	R-HSA-382551
FURIN	R-HSA-1280215
FURIN	R-HSA-9824446
FURIN	R-HSA-597592
FURIN	R-HSA-5663205
FURIN	R-HSA-1266738
FURIN	R-HSA-392499
FURIN	R-HSA-168256
FURIN	R-HSA-1643685
GAPDH	R-HSA-70263
GAPDH	R-HSA-70171
GAPDH	R-HSA-70326
GAPDH	R-HSA-71387
GAPDH	R-HSA-1430728
GRIK1	R-HSA-451307
GRIK1	R-HSA-451306
GRIK1	R-HSA-451308
GRIK1	R-HSA-451326
GRIK1	R-HSA-112314
GRIK1	R-HSA-112315
GRIK1	R-HSA-112316
GRIK2	R-HSA-451306
GRIK2	R-HSA-451308
GRIK2	R-HSA-451326
GRIK2	R-HSA-112314
GRIK2	R-HSA-451307
GRIK2	R-HSA-112315
GRIK2	R-HSA-112316
GRM5	R-HSA-420499
GRM5	R-HSA-6794361
GRM5	R-HSA-6794362
GRM5	R-HSA-416476
GRM5	R-HSA-112316
GRM5	R-HSA-500792
GRM5	R-HSA-388396
GRM5	R-HSA-372790
GRM5	R-HSA-162582
HTT	R-HSA-380615
HTT	R-HSA-112311
HTT	R-HSA-442660
HTT	R-HSA-9022692
HTT	R-HSA-8986944
HTT	R-HSA-425407
HTT	R-HSA-112315
HTT	R-HSA-112316
HTT	R-HSA-382551
HTT	R-HSA-212436
HTT	R-HSA-73857
HTT	R-HSA-74160
MAP3K5	R-HSA-2559580
MAP3K5	R-HSA-2559583
MAP3K5	R-HSA-2262752
MAP3K5	R-HSA-8953897
NR4A1	R-HSA-198693
NR4A1	R-HSA-5674400
NR4A1	R-HSA-383280
NR4A1	R-HSA-2219528
NR4A1	R-HSA-1257604
NR4A1	R-HSA-9006925
NR4A1	R-HSA-5663202
NR4A1	R-HSA-212436
NR4A1	R-HSA-73857
NR4A1	R-HSA-74160
NR4A1	R-HSA-1643685
NR4A1	R-HSA-162582
PDE4B	R-HSA-180024
PDE4B	R-HSA-111885
PDE4B	R-HSA-418594
PDE4B	R-HSA-388396
PDE4B	R-HSA-372790
PDE4B	R-HSA-162582
PPIA	R-HSA-8950505
PPIA	R-HSA-9020591
PPIA	R-HSA-447115
PPIA	R-HSA-164525
PPIA	R-HSA-162585
PPIA	R-HSA-162589
PPIA	R-HSA-164516
PPIA	R-HSA-2025928
PPIA	R-HSA-449147
PPIA	R-HSA-173107
PPIA	R-HSA-180689
PPIA	R-HSA-162592
PPIA	R-HSA-162594
PPIA	R-HSA-210991
PPIA	R-HSA-175474
PPIA	R-HSA-162588
PPIA	R-HSA-1280215
PPIA	R-HSA-9692916
PPIA	R-HSA-1168372
PPIA	R-HSA-9692914
PPIA	R-HSA-162909
PPIA	R-HSA-114608
PPIA	R-HSA-76005
PPIA	R-HSA-162599
PPIA	R-HSA-162587
PPIA	R-HSA-983705
PPIA	R-HSA-9678108
PPIA	R-HSA-168256
PPIA	R-HSA-162906
PPIA	R-HSA-202733
PPIA	R-HSA-76002
PPIA	R-HSA-6798695
PPIA	R-HSA-9679506
PPIA	R-HSA-109582
PPIA	R-HSA-1280218
PPIA	R-HSA-168249
PPIA	R-HSA-9824446
PPIA	R-HSA-5663205
PPIA	R-HSA-1643685
RARB	R-HSA-5362517
RARB	R-HSA-383280
RARB	R-HSA-5617472
RARB	R-HSA-5619507
RARB	R-HSA-9006931
RARB	R-HSA-212436
RARB	R-HSA-73857
RARB	R-HSA-1266738
RARB	R-HSA-74160
RARB	R-HSA-162582
RHOA	R-HSA-209563
RHOA	R-HSA-8985586
RHOA	R-HSA-416550
RHOA	R-HSA-5666185
RHOA	R-HSA-193634
RHOA	R-HSA-198203
RHOA	R-HSA-193697
RHOA	R-HSA-5625970
RHOA	R-HSA-8849471
RHOA	R-HSA-2173791
RHOA	R-HSA-6785631
RHOA	R-HSA-5627117
RHOA	R-HSA-5625900
RHOA	R-HSA-416572
RHOA	R-HSA-400685
RHOA	R-HSA-392451
RHOA	R-HSA-3928663
RHOA	R-HSA-397795
RHOA	R-HSA-114604
RHOA	R-HSA-5689896
RHOA	R-HSA-3928662
RHOA	R-HSA-1227986
RHOA	R-HSA-8848021
RHOA	R-HSA-9006927
RHOA	R-HSA-5625740
RHOA	R-HSA-373755
RHOA	R-HSA-9013106
RHOA	R-HSA-4086400
RHOA	R-HSA-416482
RHOA	R-HSA-2682334
RHOA	R-HSA-170834
RHOA	R-HSA-193704
RHOA	R-HSA-4420097
RHOA	R-HSA-194138
RHOA	R-HSA-187037
RHOA	R-HSA-3858494
RHOA	R-HSA-166520
RHOA	R-HSA-5663220
RHOA	R-HSA-8980692
RHOA	R-HSA-9006936
RHOA	R-HSA-73887
RHOA	R-HSA-376176
RHOA	R-HSA-76002
RHOA	R-HSA-5688426
RHOA	R-HSA-195721
RHOA	R-HSA-195258
RHOA	R-HSA-9012999
RHOA	R-HSA-6798695
RHOA	R-HSA-422475
RHOA	R-HSA-9006934
RHOA	R-HSA-9675108
RHOA	R-HSA-388396
RHOA	R-HSA-194315
RHOA	R-HSA-9716542
RHOA	R-HSA-372790
RHOA	R-HSA-109582
RHOA	R-HSA-168249
RHOA	R-HSA-1266738
RHOA	R-HSA-597592
RHOA	R-HSA-392499
RHOA	R-HSA-168256
RHOA	R-HSA-162582
SLC1A2	R-HSA-112313
SLC1A2	R-HSA-210455
SLC1A2	R-HSA-210500
SLC1A2	R-HSA-9958863
SLC1A2	R-HSA-112310
SLC1A2	R-HSA-425407
SLC1A2	R-HSA-112315
SLC1A2	R-HSA-112316
SLC1A2	R-HSA-382551
ST6GAL1	R-HSA-9694719
ST6GAL1	R-HSA-9683673
ST6GAL1	R-HSA-975577
ST6GAL1	R-HSA-977068
ST6GAL1	R-HSA-975576
ST6GAL1	R-HSA-4085001
ST6GAL1	R-HSA-9683701
ST6GAL1	R-HSA-9694548
ST6GAL1	R-HSA-913709
ST6GAL1	R-HSA-446219
ST6GAL1	R-HSA-9694635
ST6GAL1	R-HSA-446193
ST6GAL1	R-HSA-9772573
ST6GAL1	R-HSA-5173105
ST6GAL1	R-HSA-9678108
ST6GAL1	R-HSA-948021
ST6GAL1	R-HSA-446203
ST6GAL1	R-HSA-9694516
ST6GAL1	R-HSA-9679506
ST6GAL1	R-HSA-9824446
ST6GAL1	R-HSA-597592
ST6GAL1	R-HSA-5663205
ST6GAL1	R-HSA-392499
ST6GAL1	R-HSA-1643685
STK24	R-HSA-209563
STK24	R-HSA-8985586
STK24	R-HSA-416550
STK24	R-HSA-5666185
STK24	R-HSA-193634
STK24	R-HSA-198203
STK24	R-HSA-193697
STK24	R-HSA-5625970
STK24	R-HSA-8849471
STK24	R-HSA-2173791
STK24	R-HSA-6785631
STK24	R-HSA-5627117
STK24	R-HSA-5625900
STK24	R-HSA-416572
STK24	R-HSA-400685
STK24	R-HSA-392451
STK24	R-HSA-3928663
STK24	R-HSA-397795
STK24	R-HSA-114604
STK24	R-HSA-5689896
STK24	R-HSA-3928662
STK24	R-HSA-1227986
STK24	R-HSA-8848021
STK24	R-HSA-9006927
STK24	R-HSA-5625740
STK24	R-HSA-373755
STK24	R-HSA-9013106
STK24	R-HSA-4086400
STK24	R-HSA-416482
STK24	R-HSA-2682334
STK24	R-HSA-170834
STK24	R-HSA-193704
STK24	R-HSA-4420097
STK24	R-HSA-194138
STK24	R-HSA-187037
STK24	R-HSA-3858494
STK24	R-HSA-166520
STK24	R-HSA-5663220
STK24	R-HSA-8980692
STK24	R-HSA-9006936
STK24	R-HSA-73887
STK24	R-HSA-376176
STK24	R-HSA-76002
STK24	R-HSA-5688426
STK24	R-HSA-195721
STK24	R-HSA-195258
STK24	R-HSA-9012999
STK24	R-HSA-6798695
STK24	R-HSA-422475
STK24	R-HSA-9006934
STK24	R-HSA-9675108
STK24	R-HSA-388396
STK24	R-HSA-194315
STK24	R-HSA-9716542
STK24	R-HSA-372790
STK24	R-HSA-109582
STK24	R-HSA-168249
STK24	R-HSA-1266738
STK24	R-HSA-597592
STK24	R-HSA-392499
STK24	R-HSA-168256
STK24	R-HSA-162582
THRA	R-HSA-4090294
THRA	R-HSA-383280
THRA	R-HSA-3108232
THRA	R-HSA-2990846
THRA	R-HSA-212436
THRA	R-HSA-73857
THRA	R-HSA-597592
THRA	R-HSA-74160
THRA	R-HSA-392499
AIP	HSA04934  
AIP	HSA05207  
CD81	HSA03272  
CD81	HSA04662  
CD81	HSA05144  
CD81	HSA05160  
CDK5	HSA04360  
CDK5	HSA05010  
CDK5	HSA05022  
CDK5	HSA05030  
CHRM1	HSA04020  
CHRM1	HSA04024  
CHRM1	HSA04080  
CHRM1	HSA04082  
CHRM1	HSA04151  
CHRM1	HSA04725  
CHRM1	HSA04810  
CHRM1	HSA05010  
CHRM1	HSA05022  
CPB2	HSA04610  
CPB2	HSA04972  
CPB2	HSA04974  
CTSB	HSA04140  
CTSB	HSA04142  
CTSB	HSA04210  
CTSB	HSA04612  
CTSB	HSA04621  
CTSB	HSA04924  
DRD2	HSA04015  
DRD2	HSA04024  
DRD2	HSA04080  
DRD2	HSA04081  
DRD2	HSA04082  
DRD2	HSA04540  
DRD2	HSA04728  
DRD2	HSA05012  
DRD2	HSA05030  
DRD2	HSA05034  
EP300	HSA03083  
EP300	HSA03250  
EP300	HSA04024  
EP300	HSA04066  
EP300	HSA04068  
EP300	HSA04110  
EP300	HSA04310  
EP300	HSA04330  
EP300	HSA04350  
EP300	HSA04520  
EP300	HSA04630  
EP300	HSA04720  
EP300	HSA04916  
EP300	HSA04919  
EP300	HSA04922  
EP300	HSA04935  
EP300	HSA05016  
EP300	HSA05152  
EP300	HSA05161  
EP300	HSA05164  
EP300	HSA05165  
EP300	HSA05166  
EP300	HSA05167  
EP300	HSA05200  
EP300	HSA05203  
EP300	HSA05206  
EP300	HSA05211  
EP300	HSA05215  
ERBB4	HSA04010  
ERBB4	HSA04012  
ERBB4	HSA04020  
ERBB4	HSA04151  
ERBB4	HSA05014  
ERBB4	HSA05205  
ESR2	HSA01522  
ESR2	HSA04081  
ESR2	HSA04915  
ESR2	HSA04917  
ESR2	HSA04929  
ESR2	HSA05200  
ESR2	HSA05207  
ESR2	HSA05224  
F3	MAP04610  
F3	MAP04933  
FADS1	HSA01040  
FADS1	HSA01100  
FADS1	HSA01212  
FEN1	HSA03030  
FEN1	HSA03410  
FEN1	HSA03450  
FGFR3	HSA01521  
FGFR3	HSA04010  
FGFR3	HSA04014  
FGFR3	HSA04015  
FGFR3	HSA04020  
FGFR3	HSA04144  
FGFR3	HSA04151  
FGFR3	HSA04550  
FGFR3	HSA04810  
FGFR3	HSA05200  
FGFR3	HSA05206  
FGFR3	HSA05219  
FGFR3	HSA05230  
FKBP4	HSA04915  
FOS	MAP04010  
FOS	MAP04024  
FOS	MAP04210  
FOS	MAP04380  
FOS	MAP04620  
FOS	MAP04657  
FOS	MAP04658  
FOS	MAP04659  
FOS	MAP04660  
FOS	MAP04662  
FOS	MAP04668  
FOS	MAP04713  
FOS	MAP04725  
FOS	MAP04728  
FOS	MAP04915  
FOS	MAP04917  
FOS	MAP04921  
FOS	MAP04926  
FOS	MAP04928  
FOS	MAP04932  
FOS	MAP04935  
FOS	MAP05031  
FOS	MAP05130  
FOS	MAP05132  
FOS	MAP05133  
FOS	MAP05135  
FOS	MAP05140  
FOS	MAP05142  
FOS	MAP05161  
FOS	MAP05162  
FOS	MAP05166  
FOS	MAP05167  
FOS	MAP05170  
FOS	MAP05171  
FOS	MAP05200  
FOS	MAP05207  
FOS	MAP05208  
FOS	MAP05210  
FOS	MAP05224  
FOS	MAP05231  
FOS	MAP05235  
FOS	MAP05323  
FOS	MAP05417  
FOS	MAP05418  
FURIN	HSA03250  
FURIN	HSA04382  
GAPDH	HSA00010  
GAPDH	HSA01100  
GAPDH	HSA01200  
GAPDH	HSA01230  
GAPDH	HSA04066  
GAPDH	HSA05010  
GAPDH	HSA05130  
GAPDH	HSA05132  
GAPDH	HSA05415  
GRIK1	HSA04080  
GRIK1	HSA04082  
GRIK1	HSA04724  
GRIK2	HSA04080  
GRIK2	HSA04082  
GRIK2	HSA04724  
GRM5	HSA04020  
GRM5	HSA04072  
GRM5	HSA04080  
GRM5	HSA04082  
GRM5	HSA04540  
GRM5	HSA04720  
GRM5	HSA04723  
GRM5	HSA04724  
GRM5	HSA05010  
GRM5	HSA05016  
GRM5	HSA05022  
GRM5	HSA05215  
HTT	HSA05016  
HTT	HSA05022  
MAP3K5	HSA01524  
MAP3K5	HSA04010  
MAP3K5	HSA04071  
MAP3K5	HSA04141  
MAP3K5	HSA04210  
MAP3K5	HSA04530  
MAP3K5	HSA04668  
MAP3K5	HSA04714  
MAP3K5	HSA04722  
MAP3K5	HSA04932  
MAP3K5	HSA04936  
MAP3K5	HSA05010  
MAP3K5	HSA05012  
MAP3K5	HSA05014  
MAP3K5	HSA05016  
MAP3K5	HSA05017  
MAP3K5	HSA05022  
MAP3K5	HSA05208  
MAP3K5	HSA05417  
MAP3K5	HSA05418  
NR4A1	HSA04010  
NR4A1	HSA04151  
NR4A1	HSA04925  
NR4A1	HSA04927  
NR4A1	HSA04934  
PDE4B	HSA00230  
PDE4B	HSA01100  
PDE4B	HSA04024  
PDE4B	HSA04928  
PDE4B	HSA05032  
PPIA	HSA03250  
PPIA	HSA04217  
RARB	HSA05200  
RARB	HSA05222  
RARB	HSA05223  
RARB	HSA05226  
RHOA	HSA04014  
RHOA	HSA04015  
RHOA	HSA04022  
RHOA	HSA04024  
RHOA	HSA04062  
RHOA	HSA04071  
RHOA	HSA04072  
RHOA	HSA04081  
RHOA	HSA04144  
RHOA	HSA04150  
RHOA	HSA04270  
RHOA	HSA04310  
RHOA	HSA04350  
RHOA	HSA04360  
RHOA	HSA04510  
RHOA	HSA04517  
RHOA	HSA04519  
RHOA	HSA04520  
RHOA	HSA04530  
RHOA	HSA04611  
RHOA	HSA04621  
RHOA	HSA04625  
RHOA	HSA04660  
RHOA	HSA04670  
RHOA	HSA04722  
RHOA	HSA04810  
RHOA	HSA04921  
RHOA	HSA04928  
RHOA	HSA04972  
RHOA	HSA05100  
RHOA	HSA05130  
RHOA	HSA05131  
RHOA	HSA05132  
RHOA	HSA05133  
RHOA	HSA05135  
RHOA	HSA05152  
RHOA	HSA05163  
RHOA	HSA05200  
RHOA	HSA05203  
RHOA	HSA05205  
RHOA	HSA05206  
RHOA	HSA05210  
RHOA	HSA05417  
RHOA	HSA05418  
SLC1A2	HSA04082  
SLC1A2	HSA04721  
SLC1A2	HSA04724  
SLC1A2	HSA05014  
SLC1A2	HSA05016  
ST6GAL1	HSA00510  
ST6GAL1	HSA00514  
ST6GAL1	HSA01100  
THRA	HSA04080  
THRA	HSA04081  
THRA	HSA04919  
MDD	HSA00230
MDD	HSA00232
MDD	HSA00250
MDD	HSA00380
MDD	HSA00410
MDD	HSA00430
MDD	HSA00630
MDD	HSA00650
MDD	HSA00983
MDD	HSA01100
MDD	HSA01200
MDD	HSA04010
MDD	HSA04020
MDD	HSA04022
MDD	HSA04024
MDD	HSA04060
MDD	HSA04066
MDD	HSA04068
MDD	HSA04080
MDD	HSA04145
MDD	HSA04146
MDD	HSA04151
MDD	HSA04211
MDD	HSA04213
MDD	HSA04260
MDD	HSA04261
MDD	HSA04270
MDD	HSA04510
MDD	HSA04512
MDD	HSA04540
MDD	HSA04622
MDD	HSA04630
MDD	HSA04658
MDD	HSA04659
MDD	HSA04660
MDD	HSA04668
MDD	HSA04672
MDD	HSA04713
MDD	HSA04720
MDD	HSA04723
MDD	HSA04724
MDD	HSA04725
MDD	HSA04726
MDD	HSA04727
MDD	HSA04728
MDD	HSA04730
MDD	HSA04742
MDD	HSA04750
MDD	HSA04911
MDD	HSA04912
MDD	HSA04915
MDD	HSA04916
MDD	HSA04921
MDD	HSA04924
MDD	HSA04925
MDD	HSA04930
MDD	HSA04933
MDD	HSA04940
MDD	HSA05010
MDD	HSA05014
MDD	HSA05016
MDD	HSA05031
MDD	HSA05142
MDD	HSA05162
MDD	HSA05166
MDD	HSA05202
MDD	HSA05320
MDD	HSA05321
MDD	HSA05330
MDD	HSA05332
MDD	HSA05410
MDD	HSA05412
MDD	HSA05414
MDD	HSA05418
MDD	HSA_M00027
MDD	HSA_M00037
MDD	R-HSA-109582
MDD	R-HSA-110313
MDD	R-HSA-112310
MDD	R-HSA-112311
MDD	R-HSA-112315
MDD	R-HSA-112316
MDD	R-HSA-112399
MDD	R-HSA-112412
MDD	R-HSA-114604
MDD	R-HSA-1168372
MDD	R-HSA-1169408
MDD	R-HSA-1169410
MDD	R-HSA-1257604
MDD	R-HSA-1266738
MDD	R-HSA-1280215
MDD	R-HSA-1280218
MDD	R-HSA-1430728
MDD	R-HSA-1433557
MDD	R-HSA-15869
MDD	R-HSA-162582
MDD	R-HSA-163685
MDD	R-HSA-1643685
MDD	R-HSA-166520
MDD	R-HSA-167044
MDD	R-HSA-168249
MDD	R-HSA-168253
MDD	R-HSA-168254
MDD	R-HSA-168256
MDD	R-HSA-168276
MDD	R-HSA-168928
MDD	R-HSA-169893
MDD	R-HSA-170968
MDD	R-HSA-170984
MDD	R-HSA-174824
MDD	R-HSA-177929
MDD	R-HSA-179812
MDD	R-HSA-180292
MDD	R-HSA-180336
MDD	R-HSA-186763
MDD	R-HSA-186797
MDD	R-HSA-187037
MDD	R-HSA-187687
MDD	R-HSA-187706
MDD	R-HSA-194138
MDD	R-HSA-198203
MDD	R-HSA-198693
MDD	R-HSA-209776
MDD	R-HSA-209931
MDD	R-HSA-212436
MDD	R-HSA-2172127
MDD	R-HSA-2219528
MDD	R-HSA-2262752
MDD	R-HSA-2404192
MDD	R-HSA-2424491
MDD	R-HSA-2428924
MDD	R-HSA-2428928
MDD	R-HSA-2454202
MDD	R-HSA-2586552
MDD	R-HSA-2730905
MDD	R-HSA-2871796
MDD	R-HSA-3299685
MDD	R-HSA-372790
MDD	R-HSA-373076
MDD	R-HSA-373080
MDD	R-HSA-375165
MDD	R-HSA-375276
MDD	R-HSA-375280
MDD	R-HSA-380095
MDD	R-HSA-380615
MDD	R-HSA-383280
MDD	R-HSA-388396
MDD	R-HSA-390666
MDD	R-HSA-392451
MDD	R-HSA-397014
MDD	R-HSA-397795
MDD	R-HSA-400042
MDD	R-HSA-416476
MDD	R-HSA-418555
MDD	R-HSA-418594
MDD	R-HSA-419037
MDD	R-HSA-422356
MDD	R-HSA-422475
MDD	R-HSA-4420097
MDD	R-HSA-449147
MDD	R-HSA-451927
MDD	R-HSA-500792
MDD	R-HSA-512988
MDD	R-HSA-5218921
MDD	R-HSA-556833
MDD	R-HSA-5576891
MDD	R-HSA-5576892
MDD	R-HSA-5576893
MDD	R-HSA-5656169
MDD	R-HSA-5663202
MDD	R-HSA-5663205
MDD	R-HSA-5673001
MDD	R-HSA-5674400
MDD	R-HSA-5683057
MDD	R-HSA-5684996
MDD	R-HSA-6798695
MDD	R-HSA-71291
MDD	R-HSA-73847
MDD	R-HSA-73893
MDD	R-HSA-73894
MDD	R-HSA-73923
MDD	R-HSA-74160
MDD	R-HSA-74259
MDD	R-HSA-74751
MDD	R-HSA-74752
MDD	R-HSA-76002
MDD	R-HSA-881907
MDD	R-HSA-8851680
MDD	R-HSA-8853659
MDD	R-HSA-8855121
MDD	R-HSA-8862803
MDD	R-HSA-8863678
MDD	R-HSA-8866376
MDD	R-HSA-888568
MDD	R-HSA-888590
MDD	R-HSA-909733
MDD	R-HSA-912526
MDD	R-HSA-913531
MDD	R-HSA-936440
MDD	R-HSA-983705
Oscillibacter	MDD
Bacteroidales	MDD
Lachnospiraceae	MDD
Alistipes	MDD
Megamonas	MDD
Faecalibacterium	MDD
Parabacteroides	MDD
Roseburia	MDD
Prevotella	MDD
Blautia	MDD
Phascolarctobacterium	MDD
Bacteroides	MDD
Ruminococcus	MDD
Parasutterella	MDD
Dialister	MDD
Bifidobacterium	MDD
Lactobacillus	MDD
Coprococcus	MDD
Clostridium	MDD
Anaerovorax	MDD
Sutterella	MDD
Anaerostipes	MDD
Veillonella	MDD
Streptococcus	MDD
Eggerthella	MDD
Eubacterium	MDD
Actinomyces	MDD
Enterobacteriaceae	MDD
Bacteroidetes	MDD
Bacteroidaceae	MDD
Bifidobacteriaceae	MDD
Acidaminobacter	33032
Acidaminobacter	6288
Acidipropionibacterium	104745
Acidipropionibacterium	160419
Acinetobacter	6723
Acinetobacter	1146
Actinomycetota	107
Actinomycetota	1146
Adlercreutzia	10661294
Adlercreutzia	71352575
Adlercreutzia	no3
Adlercreutzia	10176710
Adlercreutzia	185914
Adlercreutzia	91469
Adlercreutzia	181511
Agathobacter	49831816
Agathobacter	10559720
Agathobacter	444899
Agathobacter	175
Agathobacter	104775
Akkermansia	10559720
Akkermansia	439586
Akkermansia	586
Akkermansia	10140
Akkermansia	175
Akkermansia	104745
Alistipes	49831816
Alistipes	10559720
Alistipes	94228
Alistipes	613145
Alistipes	10430
Alistipes	160419
Alistipes	1145
Allisonella	no4
Allisonella	no5
Amedibacillus	3744
Anaerobutyricum	129849310
Anaerobutyricum	104775
Anaerobutyricum	9903
Anaerobutyricum	1145
Anaerostipes	175
Anaerostipes	104775
Anaerotignum	49831816
Anaerotignum	10559720
Bacillota	107
Bacillota	242
Bacillota	9548632
Bacillota	9877619
Bacillus	10381440
Bacillus	5280804
Bacillus	162859
Bacillus	5280343
Bacillus	5282160
Bacillus	5280459
Bacillus	71629
bacterium	5281708
bacterium	5488822
bacterium	5318980
Bacteroides	135398592
Bacteroides	135398593
Bacteroides	22253297
Bacteroides	160471
Bacteroides	10559720
Bacteroides	18986
Bacteroides	175
Bacteroides	444899
Bacteroides	323
Bacteroides	424
Bacteroides	4398339
Bacteroides	92904
Bacteroides	94228
Bacteroides	6590
Bacteroides	3587356
Bacteroides	6306
Bacteroides	92817
Bacteroides	6137
Bacteroides	970
Bacteroides	4671
Bacteroides	6613
Bacteroides	104745
Bacteroides	160419
Bacteroides	1135
Bacteroides	1188
Bacteroides	9548632
Bacteroides	6723
Bacteroides	875
Bacteroides	9877619
Bacteroides	91469
Bacteroides	442424
Bacteroides	65373
Bacteroides	5280343
Bacteroides	5280804
Bacteroides	71629
Bacteroides	72
Bacteroides	129887767
Bacteroides	139597845
Bacteroides	5281656
Bacteroides	54580480
Bacteroides	119307
Bacteroides	9920281
Bacteroides	11213350
Bacteroides	6267
Bacteroides	5862
Bacteroides	67678
Bacteroides	602
Bacteroides	283
Bacteroides	124886
Bacteroides	6274
Bacteroides	91435
Barnesiella	175
Barnesiella	160419
Bifidobacteriaceae	72
Bifidobacteriaceae	135
Bifidobacterium	1530236
Bifidobacterium	5315606
Bifidobacterium	135398593
Bifidobacterium	3292996
Bifidobacterium	91
Bifidobacterium	83404
Bifidobacterium	445027
Bifidobacterium	13580
Bifidobacterium	175
Bifidobacterium	160636
Bifidobacterium	689043
Bifidobacterium	84815
Bifidobacterium	no6
Bifidobacterium	348154
Bifidobacterium	no7
Bifidobacterium	no8
Bifidobacterium	824
Bifidobacterium	135398658
Bifidobacterium	283
Bifidobacterium	91435
Bifidobacterium	80817
Bifidobacterium	6137
Bifidobacterium	159660
Bifidobacterium	439232
Bifidobacterium	122356
Bifidobacterium	999
Bifidobacterium	1030
Bifidobacterium	1145
Bifidobacterium	104775
Bifidobacterium	5281708
Bifidobacterium	5280961
Bifidobacterium	5317750
Bifidobacterium	5280863
Bifidobacterium	6508
Bifidobacterium	91469
Bifidobacterium	9831622
Bifidobacterium	440993
Bifidobacterium	25201019
Bifidobacterium	5280343
Bifidobacterium	64981
Bifidobacterium	442424
Bifidobacterium	11679800
Bifidobacterium	785
Bifidobacterium	10466307
Bifidobacterium	139597845
Bilophila	49831816
Bilophila	10559720
Bilophila	8892
Bilophila	104745
Bilophila	222528
Bilophila	402
Bilophila	6675
Blautia	49831816
Blautia	10559720
Blautia	175
Blautia	5950
Blautia	104775
Blautia	750
Blautia	6306
Blautia	6106
Blautia	145742
Blautia	5951
Blautia	1145
Blautia	91435
Blautia	129849310
Blautia	500189
Blautia	115089
Blautia	91469
Blautia	384870
Blautia	5280443
Blautia	5281607
Bulleidia	6723
Butyricimonas	49831816
Butyricimonas	10559720
Butyricimonas	94228
Butyricimonas	104775
Butyricimonas	6590
Candidatus	1145
Candidatus	5282768
Candidatus	5280450
Candidatus	11005
Candidatus	445639
Candidatus	985
Candidatus	445638
Caproiciproducens	49831816
Catenibacillus	96384
Catenibacillus	10394
Catenibacillus	5281708
Catenibacterium	875
Christensenella	175
Christensenella	104775
Christensenellaceae	3744
Christensenellaceae	586
Christensenellaceae	702
Christensenellaceae	1176
Citrobacter	8314
Citrobacter	8892
Citrobacter	6590
Citrobacter	10430
Citrobacter	104745
Citrobacter	1146
Citrobacter	1145
Clostridiales	522502
Clostridiales	1145
Clostridioides	104775
Clostridioides	222528
Clostridioides	104745
Clostridioides	160419
Clostridioides	6675
Clostridioides	114781
Clostridium	135
Clostridium	4183249
Clostridium	439586
Clostridium	104775
Clostridium	107735
Clostridium	3744
Clostridium	175
Clostridium	104745
Clostridium	9548632
Clostridium	9877619
Clostridium	65373
Clostridium	20601635
Clostridium	89472
Clostridium	444873
Clostridium	176907
Clostridium	9378
Clostridium	192215
Clostridium	439435
Clostridium	10394
Clostridium	107
Clostridium	223
Clostridium	280
Clostridium	348154
Clostridium	92904
Clostridium	6262
Colidextribacter	10559720
Collinsella	1145
Collinsella	311
Collinsella	5459879
Collinsella	14925
Collinsella	175
Collinsella	283
Collinsella	91435
Coprococcus	3744
Coprococcus	49831816
Coprococcus	10559720
Coprococcus	135191
Coprococcus	586
Cronobacter	439709
Cutibacterium	104745
Desulfovibrio	1117
Dialister	444899
Dialister	875
Dialister	65065
Dialister	104745
Dorea	10559720
Dorea	175
Dorea	5950
Dorea	104775
Dorea	750
Dorea	6306
Dorea	6106
Dorea	145742
Dorea	5951
Dysgonomonas	6723
Eggerthella	10559720
Eggerthella	10661294
Eggerthella	71352575
Eggerthella	21722175
Eggerthella	124343
Eggerthella	115089
Eggerthella	91469
Eggerthella	332427
Eggerthella	65373
Eggerthella	138478
Eggerthella	10802382
Eisenbergiella	49831816
Eisenbergiella	10559720
Emergencia	1146
END-49	115089
Enorma	1146
Enterocloster	175
Enterocloster	702
Enterocloster	91435
Enterocloster	1145
Enterococcus	681
Enterococcus	5280459
Enterococcus	175
Enterococcus	702
Enterococcus	283
Enterococcus	5460161
Enterococcus	5280343
Enterococcus	199
Enterococcus	9750
Enterococcus	83697
Enterococcus	332427
Enterococcus	6047
Enterococcus	5610
Enterococcus	91469
Enterococcus	162859
Enterococcus	5280445
Enterococcus	5281672
Enterococcus	5488822
Erysipelotrichaceae	1145
Escherichia	10140
Escherichia	10258
Escherichia	1146
Escherichia	1145
Escherichia	9548632
Escherichia	262
Escherichia	650
Escherichia	79041
Escherichia	179
Escherichia	199
Escherichia	689043
Escherichia	138805674
Escherichia	5281708
Escherichia	176907
Escherichia	9838356
Escherichia	9877619
Escherichia	5280961
Escherichia	5280804
Escherichia	849
Escherichia	6508
Escherichia	5281672
Escherichia	5280459
Escherichia	5280343
Escherichia	5280442
Escherichia	5281612
Escherichia	162859
Eubacteriales	104775
Eubacterium	7420
Eubacterium	3744
Eubacterium	135
Eubacterium	49831816
Eubacterium	10559720
Eubacterium	175
Eubacterium	104775
Eubacterium	9903
Eubacterium	5284649
Eubacterium	480764
Eubacterium	5281708
Eubacterium	101101166
Eubacterium	5280961
Eubacterium	104745
Eubacterium	6971268
Eubacterium	547
Eubacterium	10394
Eubacterium	2752054
Eubacterium	127
Eubacterium	932
Eubacterium	348154
Eubacterium	147608
Eubacterium	5282155
Eubacterium	5280960
Eubacterium	89472
Eubacterium	4788
Eubacterium	359
Eubacterium	115089
Eubacterium	11213350
Eubacterium	119307
Faecalibacterium	49831816
Faecalibacterium	1530
Faecalibacterium	3744
Faecalibacterium	175
Faecalibacterium	439520
Faecalibacterium	104775
Faecalibacterium	94715
Faecalibacterium	61503
Faecalibacterium	348154
Faecalibacterium	6274
Faecalibacterium	135398638
Faecalibacterium	985
Faecalibacterium	1150
Faecalitalea	10559720
Finegoldia	91469
Flavonifractor	no12
Flavonifractor	no13
Flavonifractor	45093080
Flavonifractor	no15
Flavonifractor	153520426
Flavonifractor	no17
Flavonifractor	129858541
Flavonifractor	no19
Flavonifractor	no20
Flavonifractor	no21
Flavonifractor	547
Flavonifractor	10394
Flavonifractor	2752054
Flavonifractor	129849310
Flavonifractor	348154
Fusobacterium	10559720
Fusobacterium	10267
Fusobacterium	439183
Fusobacterium	91435
Fusobacterium	402
Fusobacterium	54580480
Fusobacterium	119307
Gemmiger	104775
Holdemanella	1145
Holdemania	49831816
human	91469
Hungatella	49831816
Hungatella	10559720
Intestinimonas	49831816
Intestinimonas	10559720
Klebsiella	no4
Klebsiella	1146
Klebsiella	no5
Klebsiella	702
Kocuria	6723
Lachnoclostridium	49831816
Lachnoclostridium	10559720
Lachnospira	175
Lachnospira	104775
Lachnospira	9903
Lachnospiraceae	3744
Lachnospiraceae	1145
Lacticaseibacillus	849
Lacticaseibacillus	24970825
Lacticaseibacillus	91469
Lacticaseibacillus	91435
Lacticaseibacillus	348154
Lactiplantibacillus	10308378
Lactiplantibacillus	52920332
Lactiplantibacillus	45093073
Lactiplantibacillus	54670067
Lactobacillus	104775
Lactobacillus	1145
Lactobacillus	689043
Lactobacillus	6508
Lactococcus	91435
Lactococcus	176907
Lactococcus	91469
Latilactobacillus	1826
Latilactobacillus	445580
Latilactobacillus	119
Lawsonibacter	175
Lawsonibacter	104775
Limosilactobacillus	702
Limosilactobacillus	348154
Limosilactobacillus	176907
Limosilactobacillus	91469
Limosilactobacillus	89472
Limosilactobacillus	129849310
Marvinbryantia	49831816
Marvinbryantia	439709
Mediterraneibacter	439709
Megasphaera	no4
Megasphaera	no5
Methanobrevibacter	58177709
Methanobrevibacter	131751737
Methanobrevibacter	102066451
Microbacterium	6723
Mogibacterium	49831816
Mollicutes	3744
Morganella	175
Morganella	104745
Mycoplasmatota	3744
Odoribacter	10559720
Odoribacter	94228
Odoribacter	613145
Odoribacter	10430
Odoribacter	160419
Oscillibacter	49831816
Oscillibacter	10559720
Oscillibacter	10258
Oscillibacter	154035
Oscillibacter	4615423
Oscillibacter	1145
Oscillospira	6723
Oscillospira	311
Oscillospiraceae	22253297
Oscillospiraceae	3744
Oscillospiraceae	586
Oscillospiraceae	4398339
Oscillospiraceae	6590
Oscillospiraceae	3587356
Oscillospiraceae	6306
Oscillospiraceae	1176
Parabacteroides	135398592
Parabacteroides	135398593
Parabacteroides	160471
Parabacteroides	49831816
Parabacteroides	10559720
Parabacteroides	18986
Parabacteroides	439586
Parabacteroides	323
Parabacteroides	424
Parabacteroides	5282768
Parabacteroides	92904
Parabacteroides	94228
Parabacteroides	5280450
Parabacteroides	92817
Parabacteroides	6137
Parabacteroides	11005
Parabacteroides	445639
Parabacteroides	985
Parabacteroides	445638
Parabacteroides	4671
Parabacteroides	6613
Parabacteroides	1135
Parabacteroides	1188
Parabacteroides	439520
Parabacteroides	875
Parabacteroides	5280863
Parabacteroides	65373
Parabacteroides	160419
Paraeggerthella	91469
Paraprevotella	10140
Paraprevotella	613145
Paraprevotella	160419
Parasutterella	49831816
Parasutterella	10559720
Parasutterella	104745
Parvimonas	5280450
Parvimonas	6287
Peptostreptococcus	3744
Peptostreptococcus	750
Peptostreptococcus	11005
Phascolarctobacterium	12587
Phascolarctobacterium	10559720
Phascolarctobacterium	104775
Phascolarctobacterium	8892
Phascolarctobacterium	6590
Phascolarctobacterium	6140
Phascolarctobacterium	104745
Phascolarctobacterium	5951
Phascolarctobacterium	7991
Phocaeicola	91469
Porphyromonas	119
Prevotella	22253297
Prevotella	445580
Prevotella	4398339
Prevotella	6590
Prevotella	3587356
Prevotella	6306
Prevotella	6267
Prevotellaceae	160419
Proteus	175
Proteus	104745
Pseudobutyrivibrio	104775
Pseudomonadota	242
Pseudomonas	49831816
Pseudomonas	10559720
Pseudomonas	6723
Pyramidobacter	49831816
Pyramidobacter	10559720
Roseburia	49831816
Roseburia	10559720
Roseburia	104775
Roseburia	1145
Roseburia	175
Roseburia	1031
Roseburia	104745
Ruminococcus	49831816
Ruminococcus	10559720
Ruminococcus	5950
Ruminococcus	222528
Ruminococcus	5327011
Ruminococcus	750
Ruminococcus	6306
Ruminococcus	6106
Ruminococcus	145742
Ruminococcus	5951
Ruminococcus	31401
Ruminococcus	6723
Ruminococcus	875
Ruminococcus	753
Ruminococcus	104745
Ruminococcus	175
Ruminococcus	160419
Saccharomyces	2969
Saccharomyces	702
Saccharomycetales	175
Saccharomycetales	104775
Shigella	10258
Shigella	1145
Slackia	no3
Slackia	10176710
Slackia	185914
Slackia	91469
Slackia	181511
Slackia	10661294
Slackia	9795113
Streptococcus	83697
Streptococcus	175
Streptococcus	91469
Streptococcus	124343
Streptococcus	104775
Streptococcus	5488822
Subdoligranulum	49831816
Subdoligranulum	10559720
Subdoligranulum	9548632
Subdoligranulum	9877619
Succinatimonas	175
Succinatimonas	160419
Succinivibrio	175
Succinivibrio	283
Succinivibrio	91435
Succinivibrio	160419
Sutterella	12587
Sutterella	439586
Sutterella	8892
Sutterella	6590
Sutterella	10430
Sutterella	104745
Sutterella	7991
Synergistes	5960
Synergistes	6057
Thomasclavelia	522502
Turicibacter	348154
Turicibacter	875
unclassified	1145
unclassified	104775
uncultured	586
uncultured	1176
Veillonella	104745
Veillonella	91469
Veillonella	402
Veillonella	71629
Veillonellaceae	160419
Weissella	702
Weissella	439709
Wickerhamiella	10133
Wickerhamiella	12544
Wickerhamiella	10140
Wickerhamiella	12310288
Wickerhamiella	6675
Wickerhamiella	2733768
Wickerhamiella	439763
Clostridium	1145
Clostridium	222528
Clostridium	115089
Clostridium	702
Clostridium	283
Clostridium	783
Clostridium	9903
Clostridium	12647
Clostridium	6287
Eubacterium	586
Eubacterium	702
Eubacterium	1176
Ruminococcus	6287
